label,pairs,risk_pct,conc,oos_annual,oos_dd,oos_pf,oos_sharpe,oos_trades,is_annual,is_dd,is_pf
rr28,APT+BCH+DOGE,0.65,2,161.4,7.26,2.02,4.59,328,101.9,7.89,1.81
perpair,APT+BCH+TON,0.6,3,159.4,6.95,2.07,4.64,345,92.9,7.65,1.71
rr28,BCH+ETH+LTC,0.65,2,158.4,6.73,2.06,4.73,322,71.4,7.85,1.61
perpair,APT+BCH+TON,0.6,2,157.0,7.7,2.10,4.79,327,98.6,7.65,1.80
perpair,APT+DOGE+XRP,0.6,2,155.8,6.18,1.86,4.35,353,75.8,7.73,1.58
perpair,APT+BCH+ETH,0.55,2,154.3,7.43,2.16,5.0,337,87.2,7.84,1.75
perpair,ETH+LTC+TON,0.6,2,151.2,7.87,2.06,4.5,307,64.5,7.66,1.54
perpair,1000PEPE+BCH+TON,0.6,3,147.3,7.47,1.96,4.25,355,84.7,7.58,1.64
rr28,ADA+ETH+LTC,0.65,2,146.5,7.63,1.93,4.35,332,61.6,7.37,1.48
perpair,BCH+ETH+TON,0.5,3,143.6,7.67,2.13,4.93,344,67.2,6.2,1.66
rr28,APT+BCH+DOGE,0.6,2,143.2,6.72,2.02,4.59,328,91.5,7.31,1.81
perpair,DOGE+ETH+TON,0.55,2,142.5,6.11,1.97,4.22,338,62.7,7.65,1.56
perpair,BNB+TON+XRP,0.55,2,142.2,6.92,2.00,4.31,313,45.5,7.43,1.50
perpair,ETH+SNX+TON,0.5,3,141.3,7.53,2.03,4.52,356,69.8,7.28,1.55
default,APT+ENS+TON,0.55,2,141.1,6.74,1.92,4.5,354,84.0,7.98,1.75
rr28,BCH+ETH+LTC,0.6,3,141.1,6.23,2.03,4.66,328,65.2,7.72,1.59
rr28,BCH+ETH+SNX,0.65,2,140.9,7.48,2.03,4.47,304,103.3,7.42,1.77
perpair,DOGE+ETH+TON,0.5,3,140.9,5.49,1.97,4.4,368,53.6,7.99,1.51
rr28,BCH+ETH+LTC,0.6,2,140.6,6.23,2.06,4.73,322,64.6,7.26,1.61
perpair,BCH+ETH+TON,0.5,2,140.2,7.67,2.14,5.04,333,65.6,6.37,1.68
perpair,APT+BCH+TON,0.55,3,140.0,6.39,2.06,4.64,345,82.9,7.03,1.72
perpair,BNB+ETH+TON,0.5,3,139.9,6.13,2.06,4.72,327,46.7,7.6,1.53
perpair,ETH+LTC+TON,0.55,3,138.8,6.68,2.01,4.48,324,60.8,7.69,1.54
perpair,APT+BCH+TON,0.55,2,138.0,7.08,2.10,4.79,327,87.9,7.03,1.79
perpair,APT+DOGE+XRP,0.55,2,137.1,5.68,1.86,4.35,353,68.0,7.11,1.58
rr28,BCH+DOGE+TON,0.6,2,137.0,7.68,1.99,4.51,325,71.2,7.99,1.71
perpair,1000PEPE+BCH+TON,0.6,2,136.5,6.78,1.95,4.21,343,83.8,7.95,1.66
perpair,APT+ETH+SNX,0.5,3,136.0,6.02,2.00,4.49,364,87.1,7.7,1.64
rr28,APT+ENS+TON,0.5,3,135.2,6.96,2.02,4.88,378,54.3,7.95,1.57
perpair,1000PEPE+SNX+TON,0.55,2,135.2,7.81,1.96,4.42,350,77.3,7.91,1.54
rr28,ADA+ETH+LTC,0.6,3,134.6,7.54,1.90,4.27,347,62.1,7.78,1.49
rr28,BNB+ETH+TON,0.6,3,134.6,7.5,1.89,4.19,343,44.6,7.78,1.47
perpair,APT+BCH+ETH,0.5,2,134.0,6.78,2.16,5.0,337,77.2,7.14,1.74
perpair,ETH+LTC+TON,0.55,2,133.1,7.23,2.06,4.5,307,58.0,7.03,1.54
perpair,APT+DOGE+XRP,0.55,3,132.7,6.96,1.81,4.1,370,69.0,7.71,1.56
thr06,1000PEPE+ETH+TON,0.55,2,132.6,6.75,1.93,4.27,354,67.0,7.88,1.58
rr28,BCH+DOGE+TON,0.6,3,132.3,7.68,1.92,4.32,335,73.9,7.99,1.72
rr28,APT+BCH+DOGE,0.6,3,132.3,6.72,1.92,4.34,337,94.5,7.69,1.80
rr28,BCH+ETH+VET,0.65,3,131.5,7.49,1.89,4.2,339,79.6,7.63,1.67
rr28,DOGE+TON+XRP,0.65,2,130.5,7.87,1.79,3.9,332,59.4,7.53,1.56
perpair,ETH+TON+XRP,0.45,2,130.5,6.61,2.14,4.59,326,50.7,7.33,1.62
perpair,APT+ETH+XRP,0.45,2,130.4,5.98,2.13,4.78,334,57.8,7.56,1.67
rr28,ADA+ETH+LTC,0.6,2,130.4,7.06,1.93,4.35,332,56.0,6.81,1.49
rr28,APT+ENS+TON,0.5,2,130.3,6.34,2.03,4.89,361,54.1,7.62,1.58
perpair,APT+TON+XRP,0.5,2,130.0,6.04,2.08,4.82,325,61.1,7.92,1.66
perpair,1000PEPE+BCH+TON,0.55,3,129.8,6.86,1.95,4.25,355,75.7,6.96,1.64
thr06,APT+BCH+ETH,0.55,2,129.0,7.47,1.99,4.46,349,82.0,7.78,1.68
rr28,BNB+ETH+TON,0.6,2,128.7,7.5,1.92,4.22,330,46.1,7.78,1.50
rr28,APT+ETH+LTC,0.55,2,128.0,4.76,2.03,4.51,335,54.9,7.97,1.53
perpair,APT+ETH+SNX,0.5,2,127.8,6.65,2.00,4.51,346,75.9,7.9,1.61
rr28,BCH+DOGE+VET,0.65,2,127.6,7.58,1.83,4.02,345,72.9,7.63,1.62
rr28,BCH+LTC+SNX,0.55,2,127.4,7.38,2.03,4.76,330,78.0,7.96,1.65
perpair,ADA+ETH+TON,0.5,3,127.0,7.28,1.98,4.44,346,63.2,7.79,1.59
rr28,APT+BCH+DOGE,0.55,2,126.2,6.17,2.02,4.59,328,81.7,6.72,1.80
perpair,BCH+TON+WLD,0.55,2,125.6,7.95,1.94,4.34,353,67.0,7.68,1.60
rr28,BCH+ETH+SNX,0.6,2,125.5,6.93,2.03,4.47,304,92.8,6.87,1.78
rr40_sb20,APT+ENS+TON,0.45,2,125.4,7.63,1.92,4.35,358,68.1,7.89,1.67
perpair,BCH+ETH+LTC,0.55,2,125.0,7.93,2.02,4.21,316,77.7,5.73,1.68
rr28,APT+BCH+ENS,0.5,2,124.8,6.17,2.06,4.83,349,66.3,7.45,1.71
rr28,BCH+ETH+LTC,0.55,3,124.4,5.72,2.02,4.66,328,58.7,7.1,1.59
perpair,ETH+TON+XRP,0.45,3,124.4,7.56,2.03,4.36,341,46.9,7.33,1.55
default,LTC+TON+XRP,0.55,2,124.3,7.41,1.89,4.27,336,42.5,7.72,1.43
rr28,APT+BCH+ENS,0.5,3,124.2,6.72,2.02,4.71,359,68.5,7.7,1.69
perpair,DOGE+ETH+TON,0.5,2,124.2,5.57,1.97,4.22,338,55.9,6.98,1.57
rr28,ADA+BCH+LTC,0.6,2,124.2,6.53,1.88,4.4,330,80.3,7.64,1.63
perpair,BCH+ETH+VET,0.5,3,124.2,6.3,1.96,4.43,373,71.3,7.6,1.67
default,APT+ETH+LTC,0.55,2,124.1,6.51,1.97,4.2,328,65.6,7.61,1.60
rr28,ETH+LTC+SNX,0.55,2,124.1,6.57,2.01,4.64,328,57.4,7.43,1.51
rr28,BCH+ETH+LTC,0.55,2,124.0,5.72,2.06,4.73,322,58.1,6.67,1.61
thr06,1000PEPE+SNX+TON,0.55,2,124.0,7.77,1.83,4.18,367,85.3,7.47,1.56
default,ETH+LTC+TON,0.5,3,124.0,7.96,2.04,4.64,340,42.7,7.91,1.46
perpair,BNB+TON+XRP,0.5,2,123.9,6.3,2.00,4.31,313,40.7,6.77,1.50
perpair,DOGE+LTC+XRP,0.6,2,123.9,7.27,1.75,3.64,330,62.6,7.53,1.50
perpair,BCH+DOGE+ETH,0.5,2,123.9,6.98,1.98,4.24,351,59.0,7.3,1.56
perpair,APT+ETH+TON,0.45,3,123.8,5.92,2.11,4.94,348,58.3,7.76,1.65
rr28,APT+BNB+DOGE,0.6,2,123.8,7.17,1.79,3.97,347,69.4,7.52,1.61
perpair,BCH+ETH+VET,0.55,2,123.8,7.5,1.95,4.26,356,76.0,7.31,1.68
perpair,BCH+ETH+TON,0.45,3,123.2,6.93,2.13,4.94,344,59.1,5.59,1.66
rr28,ADA+LTC+TON,0.55,3,123.1,6.19,1.87,4.4,363,59.4,7.82,1.51
default,APT+ENS+TON,0.5,2,122.9,6.15,1.93,4.5,354,74.3,7.27,1.75
perpair,APT+BCH+TON,0.5,3,122.0,5.82,2.06,4.65,345,73.4,6.4,1.72
perpair,ETH+SNX+TON,0.45,3,121.4,6.79,2.03,4.52,356,61.3,6.57,1.56
rr28,APT+BNB+DOGE,0.55,3,121.3,7.02,1.81,3.99,364,60.3,7.69,1.58
perpair,DOGE+ETH+TON,0.45,3,121.0,4.95,1.97,4.4,368,47.4,7.21,1.51
perpair,ETH+LTC+TON,0.5,3,121.0,6.08,2.01,4.48,324,54.2,7.0,1.55
perpair,BNB+ETH+SNX,0.5,2,120.9,7.36,1.93,4.21,327,64.6,7.87,1.57
default,DOGE+ETH+TON,0.55,2,120.9,5.63,2.02,4.25,310,51.5,7.97,1.58
rr28,BCH+DOGE+TON,0.55,2,120.9,7.06,2.00,4.51,325,63.9,7.34,1.71
perpair,DOGE+ETH+HBAR,0.55,3,120.7,7.68,1.74,3.81,365,66.0,7.6,1.49
perpair,1000PEPE+BCH+TON,0.55,2,120.5,6.23,1.94,4.21,343,75.0,7.3,1.66
perpair,APT+BCH+DOGE,0.5,2,120.5,6.03,1.98,4.39,362,75.8,7.85,1.69
perpair,DOGE+TON+XRP,0.5,3,120.5,7.38,1.84,4.04,362,46.3,7.9,1.47
rr28,LTC+SNX+TON,0.5,3,120.4,5.41,1.99,4.85,357,57.5,7.92,1.52
perpair,BCH+ETH+TON,0.45,2,120.4,6.93,2.14,5.04,333,57.7,5.75,1.68
perpair,APT+BCH+TON,0.5,2,120.3,6.45,2.10,4.79,327,77.7,6.4,1.79
perpair,BNB+ETH+TON,0.45,3,120.1,5.53,2.07,4.72,327,41.4,6.87,1.53
perpair,APT+DOGE+XRP,0.5,2,119.6,5.17,1.87,4.35,353,60.5,6.48,1.58
perpair,BNB+TON+XRP,0.5,3,119.5,7.36,1.93,4.15,321,39.6,6.77,1.48
rr28,ADA+ETH+LTC,0.55,3,118.9,6.93,1.90,4.27,347,56.0,7.15,1.50
rr28,BNB+ETH+TON,0.55,3,118.9,6.89,1.89,4.19,343,40.4,7.15,1.47
perpair,ADA+APT+ETH,0.5,2,118.4,6.65,2.03,4.31,327,77.6,7.83,1.71
default,DOGE+TON+XRP,0.55,2,118.4,6.39,1.86,4.0,327,42.6,7.56,1.48
rr28,APT+DOGE+TON,0.55,2,118.2,7.08,1.94,4.34,332,66.2,7.97,1.68
perpair,DOGE+TON+XRP,0.5,2,118.1,5.61,1.90,4.15,342,48.3,7.37,1.50
rr28,APT+BCH+ETH,0.55,2,118.1,7.47,2.07,4.68,311,81.1,7.57,1.85
rr28,LTC+TON+XRP,0.55,3,118.1,7.61,1.84,4.18,356,43.0,6.84,1.44
perpair,1000PEPE+SNX+TON,0.5,2,118.0,7.12,1.96,4.42,350,68.6,7.2,1.55
perpair,LTC+TON+XRP,0.55,2,117.9,7.46,1.91,4.01,309,54.3,6.33,1.54
rr28,BCH+ETH+VET,0.6,3,117.4,6.93,1.88,4.2,339,71.9,7.06,1.67
rr28,ETH+HBAR+LTC,0.6,3,117.4,7.97,1.80,4.13,338,54.1,7.68,1.43
rr28,APT+BCH+ETH,0.55,3,117.3,7.47,2.03,4.56,318,78.7,7.58,1.78
perpair,1000PEPE+TON+XRP,0.5,2,117.0,5.82,1.94,4.2,337,55.7,7.35,1.59
perpair,APT+ETH+SNX,0.45,3,117.0,5.43,2.00,4.49,364,76.0,6.95,1.65
rr28,BCH+DOGE+TON,0.55,3,116.9,7.06,1.92,4.32,335,66.2,7.34,1.72
rr28,APT+BCH+DOGE,0.55,3,116.9,6.17,1.92,4.34,337,84.3,7.07,1.80
perpair,LTC+TON+XRP,0.55,3,116.8,7.46,1.87,3.83,318,52.4,6.33,1.50
perpair,APT+ETH+LTC,0.5,2,116.7,5.25,2.06,4.52,313,69.0,7.62,1.69
perpair,APT+DOGE+ETH,0.45,3,116.7,5.79,1.94,4.22,376,61.0,7.51,1.61
rr28,DOGE+TON+XRP,0.6,2,116.6,7.28,1.80,3.9,332,54.0,6.96,1.57
perpair,APT+ETH+TON,0.45,2,116.5,5.92,2.15,4.81,325,61.5,7.76,1.73
rr28,ETH+LTC+SNX,0.5,3,116.4,5.53,2.03,4.63,341,54.5,7.88,1.51
rr28,APT+ENS+TON,0.45,3,116.2,6.29,2.02,4.88,378,47.9,7.17,1.57
perpair,ETH+LTC+TON,0.5,2,116.1,6.59,2.06,4.5,307,51.8,6.4,1.55
perpair,APT+DOGE+ETH,0.5,2,116.1,5.21,1.92,4.24,343,64.9,7.77,1.60
default,APT+DOGE+TON,0.55,2,116.0,6.67,1.90,4.21,324,76.2,7.53,1.73
perpair,APT+DOGE+XRP,0.5,3,115.9,6.34,1.82,4.1,370,61.3,7.03,1.57
thr06,1000PEPE+ETH+TON,0.5,2,115.8,6.15,1.93,4.27,354,59.6,7.19,1.58
default,DOGE+TON+XRP,0.55,3,115.8,7.99,1.80,3.84,343,40.8,7.56,1.44
rr28,DOGE+ETH+TON,0.55,2,115.5,7.33,2.01,4.31,316,51.4,7.54,1.62
perpair,BCH+DOGE+ETH,0.45,3,115.4,6.29,1.96,4.19,372,61.7,7.6,1.62
rr28,ETH+LTC+TON,0.5,2,115.3,5.2,2.07,4.82,334,40.0,7.54,1.49
perpair,APT+DOGE+TON,0.5,2,115.3,5.14,1.96,4.37,344,58.9,7.99,1.57
rr40_sb20,APT+ETH+XRP,0.45,2,115.3,6.7,2.08,4.13,317,60.6,7.79,1.69
perpair,APT+BCH+ETH,0.45,2,115.2,6.12,2.15,5.0,337,67.5,6.44,1.74
rr28,ADA+ETH+LTC,0.55,2,115.2,6.49,1.93,4.35,332,50.5,6.24,1.49
default,APT+BCH+TON,0.55,2,115.1,7.48,1.99,4.17,311,94.9,7.1,1.95
perpair,1000PEPE+ETH+TON,0.45,3,115.1,4.58,2.00,4.42,358,53.3,7.83,1.59
rr28,ETH+TON+VET,0.55,3,115.0,5.68,1.89,4.4,358,49.2,7.68,1.53
rr40_sb20,APT+TON+XRP,0.5,2,114.8,7.53,1.88,3.9,332,72.0,7.4,1.67
perpair,BCH+ETH+LTC,0.5,3,114.6,7.82,2.00,4.22,328,70.8,6.18,1.66
rr28,DOGE+ENS+LTC,0.45,2,114.4,7.7,2.02,4.69,368,36.8,7.55,1.45
perpair,BCH+BNB+ETH,0.45,3,114.2,7.32,2.05,4.51,331,55.2,7.82,1.65
perpair,APT+ENS+ETH,0.45,3,114.2,7.07,1.95,4.38,351,59.8,7.7,1.66
rr28,BCH+DOGE+VET,0.6,2,114.0,7.01,1.83,4.02,345,65.9,7.05,1.62
rr28,BNB+ETH+TON,0.55,2,113.8,6.89,1.92,4.22,330,41.7,7.15,1.50
rr28,DOGE+LTC+XRP,0.55,3,113.8,7.13,1.78,3.98,359,44.5,7.56,1.45
rr28,APT+SNX+TON,0.5,3,113.7,7.54,1.99,4.63,347,75.3,7.46,1.68
perpair,1000PEPE+BCH+TON,0.5,3,113.4,6.25,1.95,4.25,355,67.2,6.34,1.65
default,APT+ETH+LTC,0.5,3,113.3,7.73,1.96,4.15,343,61.9,7.83,1.60
perpair,ETH+HBAR+TON,0.5,3,113.3,6.76,1.89,4.41,337,56.1,7.42,1.52
rr28,BCH+TON+VET,0.6,2,113.3,7.76,1.83,4.1,341,73.8,6.8,1.69
rr28,ADA+APT+ETH,0.55,3,112.9,7.2,1.90,3.89,337,75.3,7.95,1.66
default,DOGE+SNX+TON,0.5,2,112.9,7.99,1.97,4.34,327,57.4,7.69,1.53
thr06,APT+ETH+VET,0.55,2,112.8,6.61,1.77,3.84,382,81.5,7.98,1.67
thr06,APT+BCH+ETH,0.5,2,112.8,6.82,1.99,4.46,349,72.7,7.09,1.68
rr28,BCH+LTC+VET,0.55,2,112.6,6.68,1.90,4.33,353,66.9,7.68,1.64
rr28,APT+ETH+TON,0.5,2,112.5,7.84,2.10,4.66,319,59.0,7.43,1.73
default,DOGE+ETH+TON,0.5,3,112.5,5.08,1.95,4.33,333,43.3,7.8,1.52
rr28,BCH+ETH+VET,0.6,2,112.5,6.31,1.89,4.21,331,68.8,7.77,1.67
rr28,APT+DOGE+TON,0.5,3,112.3,6.45,1.93,4.36,356,59.7,7.64,1.66
perpair,ETH+TON+VET,0.45,3,112.2,5.04,1.97,4.42,369,48.0,7.77,1.55
rr28,APT+ENS+TON,0.45,2,112.2,5.72,2.03,4.89,361,47.7,6.88,1.58
rr40_sb20,APT+ENS+LTC,0.45,2,112.1,7.78,1.82,4.1,367,53.1,7.83,1.51
default,APT+ETH+SNX,0.5,2,112.1,5.98,2.06,4.34,315,75.0,7.95,1.70
rr28,BCH+LTC+TON,0.5,3,112.1,6.23,1.98,4.61,344,55.2,7.65,1.61
perpair,APT+BCH+WLD,0.5,3,112.1,7.69,1.90,4.31,373,72.9,7.71,1.64
rr28,ENS+ETH+TON,0.45,2,112.0,7.84,2.13,5.0,343,34.2,7.26,1.48
perpair,APT+TON+XRP,0.45,2,111.9,5.45,2.09,4.82,325,53.8,7.15,1.67
thr06,BCH+DOGE+ETH,0.5,2,111.9,7.3,1.92,4.12,352,55.2,7.3,1.54
rr28,APT+ETH+LTC,0.5,2,111.9,4.34,2.03,4.51,335,49.0,7.26,1.53
perpair,1000PEPE+BCH+ETH,0.45,2,111.8,6.68,2.07,4.49,342,66.8,7.88,1.71
default,APT+BCH+ENS,0.5,2,111.5,7.31,1.93,4.18,344,79.9,7.26,1.85
rr28,LTC+TON+XRP,0.55,2,111.5,7.61,1.84,4.24,343,45.4,6.31,1.48
rr28,APT+BNB+ENS,0.5,2,111.3,6.66,1.85,4.17,368,49.2,7.82,1.52
rr28,BCH+LTC+SNX,0.5,2,111.3,6.72,2.04,4.76,330,69.1,7.26,1.66
default,1000PEPE+APT+TON,0.55,2,111.1,7.31,1.88,4.08,322,83.7,7.47,1.77
default,APT+BCH+ENS,0.5,3,111.1,7.86,1.88,4.05,355,80.2,7.68,1.80
perpair,BNB+ETH+TON,0.45,2,111.1,5.32,2.06,4.56,317,41.0,7.26,1.54
rr28,BCH+ETH+SNX,0.55,2,111.0,6.37,2.03,4.47,304,82.8,6.31,1.78
rr28,ENS+ETH+LTC,0.45,2,110.9,7.1,2.05,4.75,357,30.2,7.83,1.39
rr28,APT+ETH+SNX,0.5,3,110.8,6.75,2.04,4.46,331,72.2,7.66,1.66
perpair,APT+BCH+LTC,0.55,2,110.7,5.8,1.99,4.21,317,87.5,7.96,1.75
rr28,BCH+BNB+VET,0.6,3,110.6,7.15,1.73,3.79,363,68.1,7.7,1.61
thr06,BCH+ETH+LTC,0.5,2,110.6,7.98,1.92,4.02,361,51.7,6.25,1.50
perpair,ADA+ETH+TON,0.5,2,110.5,7.46,1.92,4.3,330,59.9,7.79,1.58
rr28,ETH+SNX+TON,0.5,3,110.4,7.38,2.03,4.55,329,57.2,6.96,1.59
rr28,APT+BCH+DOGE,0.5,2,110.3,5.63,2.02,4.6,328,72.3,6.12,1.80
perpair,APT+ETH+SNX,0.45,2,110.1,6.0,2.01,4.51,346,66.5,7.13,1.61
perpair,ADA+ETH+LTC,0.55,2,110.1,7.69,1.87,3.89,311,73.1,7.34,1.63
rr28,ADA+BCH+LTC,0.55,2,109.9,6.0,1.88,4.4,330,71.9,7.02,1.63
perpair,BCH+TON+WLD,0.5,2,109.8,7.24,1.94,4.34,353,59.6,6.99,1.60
perpair,DOGE+LTC+XRP,0.55,2,109.8,6.68,1.76,3.64,330,56.4,6.92,1.51
perpair,APT+BNB+XRP,0.5,2,109.8,6.0,1.90,4.16,318,55.5,7.55,1.63
perpair,BCH+TON+VET,0.5,3,109.6,7.66,1.92,4.28,366,60.8,7.09,1.62
rr28,APT+BNB+DOGE,0.55,2,109.6,6.59,1.79,3.97,347,62.4,6.91,1.61
default,APT+BCH+ETH,0.55,2,109.5,6.19,2.00,4.17,306,87.7,7.37,1.91
perpair,ENS+ETH+TON,0.45,2,109.5,7.19,1.97,4.49,326,46.8,7.9,1.58
perpair,ADA+ETH+TON,0.45,3,109.5,6.57,1.98,4.44,346,55.6,7.04,1.60
default,BCH+SNX+TON,0.5,3,109.4,7.45,2.02,4.26,321,69.9,7.89,1.67
perpair,BCH+ETH+LTC,0.5,2,109.3,7.22,2.02,4.21,316,68.9,5.22,1.69
rr28,ADA+APT+ETH,0.55,2,109.3,6.07,1.95,4.1,316,73.5,7.95,1.68
perpair,1000PEPE+ADA+ETH,0.5,2,109.2,6.59,1.89,3.97,337,73.5,7.56,1.66
thr06,ETH+TON+VET,0.5,3,109.2,6.18,1.76,3.96,407,55.2,7.89,1.50
rr28,ETH+SNX+TON,0.5,2,109.1,7.38,2.07,4.63,318,58.3,7.94,1.61
thr06,APT+SNX+TON,0.5,3,109.0,7.68,1.75,4.0,395,82.2,7.41,1.58
rr28,DOGE+ETH+TON,0.5,3,109.0,5.49,1.97,4.36,338,43.0,7.41,1.55
perpair,BCH+TON+VET,0.55,2,108.8,7.78,1.87,4.06,349,66.2,7.74,1.63
rr28,BCH+ETH+LTC,0.5,3,108.8,5.21,2.02,4.66,328,52.3,6.47,1.59
default,LTC+TON+XRP,0.5,2,108.8,6.76,1.89,4.27,336,38.1,7.04,1.43
thr06,DOGE+SNX+TON,0.5,2,108.7,7.94,1.77,4.12,376,70.0,7.83,1.51
rr28,APT+SNX+TON,0.5,2,108.7,7.54,2.01,4.64,328,75.3,7.46,1.69
default,APT+ETH+LTC,0.5,2,108.6,5.93,1.97,4.2,328,58.4,6.94,1.60
rr28,ETH+LTC+SNX,0.5,2,108.5,5.99,2.01,4.64,328,51.2,6.77,1.51
thr06,1000PEPE+SNX+TON,0.5,2,108.5,7.09,1.83,4.18,367,75.5,6.81,1.57
rr28,BCH+ETH+LTC,0.5,2,108.5,5.21,2.05,4.73,322,51.8,6.08,1.61
perpair,APT+BCH+BNB,0.5,2,108.4,6.74,2.00,4.41,323,67.5,7.58,1.72
rr40_sb20,APT+ETH+XRP,0.45,3,108.4,7.47,1.98,3.9,329,60.4,7.79,1.66
perpair,BCH+ETH+VET,0.5,2,108.3,6.83,1.94,4.27,356,67.5,6.67,1.68
rr28,APT+ETH+XRP,0.55,2,108.2,7.26,1.90,4.12,321,57.0,7.9,1.63
perpair,ADA+BNB+ETH,0.5,2,108.0,7.92,1.88,4.03,319,59.0,7.59,1.61
rr28,ETH+LTC+XRP,0.55,2,108.0,7.21,1.84,4.09,331,35.7,7.98,1.40
rr28,BCH+ENS+LTC,0.45,2,107.9,6.99,2.02,4.86,356,48.6,7.94,1.59
rr28,ADA+LTC+TON,0.5,3,107.7,5.64,1.87,4.4,363,52.9,7.14,1.52
thr06,APT+BCH+WLD,0.5,3,107.6,7.73,1.81,4.04,390,73.0,7.67,1.61
rr28,ADA+APT+LTC,0.5,3,107.6,5.42,1.87,4.16,365,67.7,7.32,1.59
rr28,APT+BCH+ENS,0.45,2,107.6,5.55,2.06,4.83,349,58.2,6.72,1.71
rr28,APT+ETH+SNX,0.5,2,107.3,6.17,2.06,4.52,319,67.9,7.66,1.66
rr28,BCH+TON+VET,0.55,3,107.3,7.76,1.84,4.09,355,67.8,6.63,1.69
perpair,DOGE+ETH+TON,0.45,2,107.2,5.02,1.98,4.22,338,49.4,6.3,1.57
rr28,APT+BCH+ENS,0.45,3,107.1,6.05,2.02,4.71,359,60.1,6.95,1.70
perpair,BCH+ETH+VET,0.45,3,107.1,5.69,1.96,4.44,373,62.5,6.85,1.67
thr06,1000PEPE+BCH+TON,0.5,3,106.9,7.99,1.82,4.05,376,73.4,7.13,1.66
thr06,DOGE+ETH+TON,0.5,2,106.9,7.82,1.83,4.04,359,54.2,7.39,1.53
default,ETH+LTC+TON,0.45,3,106.9,7.19,2.04,4.64,340,37.9,7.14,1.47
perpair,BNB+TON+XRP,0.45,2,106.9,5.68,2.00,4.31,313,36.1,6.11,1.50
perpair,BCH+DOGE+ETH,0.45,2,106.9,6.29,1.98,4.24,351,52.0,6.59,1.56
thr06,APT+BCH+TON,0.5,2,106.9,7.37,1.84,4.24,363,85.6,7.67,1.77
rr28,ETH+LTC+VET,0.5,3,106.8,7.12,1.89,4.38,370,41.9,7.87,1.45
rr28,DOGE+SNX+TON,0.5,2,106.7,7.99,1.96,4.47,333,62.1,7.67,1.61
default,ETH+SNX+TON,0.45,3,106.7,7.23,2.11,4.53,324,50.4,6.17,1.56
perpair,APT+TON+XRP,0.45,3,106.7,5.96,1.97,4.56,342,51.5,7.63,1.61
perpair,BCH+BNB+ETH,0.45,2,106.7,7.32,2.04,4.45,323,54.4,7.82,1.66
default,ADA+APT+LTC,0.55,3,106.5,7.4,1.74,3.66,359,87.1,7.83,1.62
rr28,APT+BNB+DOGE,0.5,3,106.2,6.4,1.81,3.99,364,53.8,7.01,1.58
default,ETH+SNX+TON,0.45,2,106.2,7.23,2.18,4.62,311,49.9,7.87,1.56
default,APT+ENS+TON,0.45,2,106.1,5.55,1.93,4.5,354,65.1,6.55,1.75
perpair,APT+BCH+WLD,0.5,2,105.9,7.75,1.91,4.32,361,73.5,7.14,1.67
default,DOGE+ETH+TON,0.5,2,105.9,5.13,2.02,4.25,310,46.1,7.27,1.58
rr28,BCH+DOGE+TON,0.5,2,105.8,6.44,2.00,4.51,325,56.9,6.69,1.71
perpair,DOGE+ETH+HBAR,0.5,3,105.7,7.0,1.75,3.81,365,58.8,6.93,1.49
perpair,BCH+DOGE+VET,0.55,2,105.7,7.52,1.79,3.68,375,64.0,7.96,1.55
rr28,APT+ENS+WLD,0.45,2,105.7,7.5,1.99,4.49,366,38.3,7.88,1.46
perpair,1000PEPE+BCH+TON,0.5,2,105.6,5.68,1.94,4.21,343,66.5,6.65,1.66
rr40_sb20,BNB+ETH+TON,0.45,2,105.5,7.05,1.91,4.01,325,40.8,7.84,1.51
default,APT+DOGE+XRP,0.55,2,105.5,7.91,1.75,3.89,333,61.8,7.22,1.63
rr28,APT+DOGE+XRP,0.55,2,105.5,7.46,1.79,3.96,336,60.9,7.06,1.63
rr28,BNB+SNX+TON,0.5,3,105.3,6.98,1.86,4.25,353,53.9,7.78,1.54
perpair,APT+BCH+TON,0.45,3,105.3,5.25,2.05,4.65,345,64.3,5.77,1.72
rr40_sb20,APT+ETH+TON,0.45,2,104.5,7.96,2.01,4.19,316,65.5,7.26,1.73
rr28,BCH+LTC+WLD,0.5,3,104.5,7.47,1.91,4.46,350,46.0,7.37,1.49
perpair,ADA+APT+BNB,0.55,2,104.5,5.7,1.82,3.78,320,70.6,7.97,1.65
perpair,ETH+LTC+TON,0.45,3,104.5,5.49,2.02,4.49,324,47.9,6.31,1.56
perpair,BNB+ETH+SNX,0.45,2,104.5,6.65,1.94,4.21,327,56.8,7.1,1.58
rr28,1000PEPE+APT+TON,0.55,2,104.4,7.51,1.86,4.16,328,73.9,6.81,1.71
thr06,BCH+DOGE+ETH,0.45,3,104.3,6.58,1.90,4.06,373,56.2,7.6,1.58
rr28,ADA+ETH+LTC,0.5,3,104.2,6.31,1.91,4.27,347,50.0,6.51,1.50
perpair,DOGE+TON+XRP,0.45,3,104.2,6.67,1.85,4.04,362,41.0,7.12,1.47
rr28,BNB+ETH+TON,0.5,3,104.1,6.28,1.90,4.19,343,36.2,6.51,1.47
perpair,BNB+ETH+VET,0.45,3,104.1,6.89,1.90,4.19,356,44.5,7.51,1.54
rr28,ETH+HBAR+LTC,0.55,3,104.1,7.33,1.80,4.13,338,48.8,7.05,1.43
perpair,APT+BCH+DOGE,0.45,2,104.1,5.44,1.98,4.39,362,66.3,7.08,1.69
rr28,BCH+ETH+VET,0.55,3,104.1,6.36,1.88,4.2,339,64.5,6.49,1.67
rr40_sb20,APT+DOGE+XRP,0.5,2,104.0,7.73,1.77,3.66,333,62.5,7.32,1.60
default,BCH+ETH+VET,0.6,2,104.0,7.73,1.83,3.64,326,66.8,7.55,1.66
rr28,ADA+DOGE+LTC,0.5,3,103.9,5.79,1.82,4.13,366,54.3,7.66,1.52
rr28,LTC+SNX+TON,0.45,3,103.9,4.88,1.99,4.85,357,50.7,7.15,1.53
perpair,BCH+DOGE+TON,0.45,2,103.9,4.47,1.99,4.52,350,50.9,7.79,1.57
perpair,APT+SNX+TON,0.45,3,103.9,5.11,1.96,4.54,357,66.2,7.59,1.60
perpair,APT+BCH+TON,0.45,2,103.8,5.82,2.09,4.79,327,67.9,5.77,1.79
default,DOGE+TON+XRP,0.5,2,103.8,5.82,1.87,4.0,327,38.2,6.88,1.48
rr28,BCH+DOGE+VET,0.55,3,103.7,7.8,1.79,3.9,358,69.7,7.4,1.69
rr28,APT+DOGE+TON,0.5,2,103.6,6.45,1.95,4.34,332,58.9,7.27,1.68
rr28,APT+BCH+SNX,0.5,3,103.5,6.28,1.98,4.42,328,91.6,7.65,1.80
rr28,LTC+TON+XRP,0.5,3,103.5,6.94,1.84,4.18,356,38.5,6.23,1.45
rr28,APT+BCH+ETH,0.5,2,103.5,6.8,2.07,4.68,311,71.8,6.9,1.85
perpair,APT+DOGE+TON,0.45,3,103.5,5.28,1.91,4.35,369,52.0,7.75,1.56
perpair,1000PEPE+BNB+TON,0.5,2,103.4,5.8,1.89,4.02,326,45.9,7.78,1.52
rr28,APT+LTC+SNX,0.45,3,103.4,7.09,1.98,4.57,359,63.8,7.77,1.60
rr28,DOGE+TON+XRP,0.55,2,103.4,6.69,1.80,3.9,332,48.7,6.39,1.57
perpair,APT+DOGE+XRP,0.45,2,103.4,4.67,1.88,4.35,353,53.2,5.85,1.59
rr28,ETH+TON+VET,0.55,2,103.3,5.65,1.88,4.24,339,50.4,7.51,1.57
perpair,LTC+TON+XRP,0.5,2,103.3,6.8,1.91,4.01,309,48.5,5.77,1.55
thr06,APT+BCH+BNB,0.5,3,103.3,7.71,1.76,3.84,387,70.2,7.75,1.60
perpair,BNB+TON+XRP,0.45,3,103.3,6.64,1.93,4.15,321,35.2,6.11,1.48
perpair,APT+BNB+WLD,0.5,2,103.1,6.53,1.84,4.27,342,50.9,7.82,1.54
rr28,DOGE+LTC+XRP,0.55,2,103.0,7.13,1.76,3.85,345,43.8,7.39,1.46
rr28,BCH+DOGE+HBAR,0.6,2,103.0,7.89,1.75,3.94,318,80.9,6.27,1.67
thr06,DOGE+ETH+TON,0.45,3,103.0,5.96,1.81,4.16,390,47.1,7.72,1.49
rr28,ETH+LTC+TON,0.45,3,102.9,4.64,2.03,4.77,347,35.0,7.35,1.47
rr28,APT+BCH+TON,0.5,2,102.8,7.48,2.00,4.51,319,72.5,7.0,1.83
rr28,APT+BCH+ETH,0.5,3,102.8,6.8,2.03,4.56,318,69.7,6.91,1.78
thr06,APT+BCH+ETH,0.45,3,102.7,6.15,1.93,4.41,370,68.0,7.82,1.68
rr28,APT+ETH+LTC,0.45,3,102.7,4.46,2.03,4.59,349,46.9,7.26,1.55
default,APT+TON+XRP,0.5,2,102.7,5.96,1.91,4.09,325,60.1,7.7,1.69
thr06,ETH+TON+VET,0.5,2,102.6,6.76,1.81,4.05,377,56.1,7.34,1.55
default,APT+DOGE+TON,0.5,3,102.5,6.08,1.82,4.12,350,65.8,7.46,1.69
perpair,ADA+DOGE+ETH,0.45,3,102.5,7.16,1.83,3.66,374,58.1,7.84,1.56
perpair,LTC+TON+XRP,0.5,3,102.4,6.8,1.87,3.83,318,46.8,5.77,1.51
rr28,APT+BCH+DOGE,0.5,3,102.4,5.63,1.93,4.34,337,74.5,6.44,1.80
rr28,BCH+DOGE+TON,0.5,3,102.4,6.44,1.92,4.32,335,58.9,6.69,1.72
perpair,ADA+APT+ETH,0.45,2,102.3,6.01,2.03,4.31,327,67.9,7.07,1.71
rr40_sb20,DOGE+TON+XRP,0.45,2,102.2,6.66,1.86,3.68,331,40.5,7.4,1.48
rr28,APT+BNB+TON,0.5,2,102.2,7.31,1.87,4.25,349,50.7,7.6,1.58
perpair,APT+BNB+DOGE,0.5,2,102.2,5.82,1.84,3.89,338,56.3,7.48,1.57
perpair,DOGE+ETH+LTC,0.5,2,102.2,7.9,1.85,3.67,326,60.2,6.68,1.58
perpair,DOGE+TON+XRP,0.45,2,102.1,5.06,1.90,4.15,342,42.7,6.64,1.51
rr28,1000PEPE+APT+TON,0.55,3,102.1,7.51,1.79,3.95,349,77.3,7.35,1.71
perpair,BCH+BNB+TON,0.45,3,102.0,5.37,2.02,4.45,324,46.6,7.83,1.60
perpair,APT+LTC+TON,0.5,2,102.0,5.49,2.03,4.5,304,62.6,7.4,1.67
perpair,1000PEPE+SNX+TON,0.45,2,101.9,6.43,1.96,4.42,350,60.2,6.5,1.56
perpair,BCH+TON+WLD,0.45,3,101.8,7.1,1.94,4.45,365,49.9,7.84,1.54
thr06,APT+BCH+WLD,0.5,2,101.8,7.73,1.82,3.98,377,75.4,7.1,1.66
rr28,SNX+TON+VET,0.5,3,101.7,7.97,1.85,4.12,368,62.7,7.79,1.58
thr06,APT+ETH+SNX,0.45,3,101.7,7.84,1.84,4.03,382,70.1,6.91,1.58
default,APT+DOGE+TON,0.5,2,101.7,6.08,1.90,4.21,324,67.6,6.86,1.73
perpair,DOGE+SNX+TON,0.45,3,101.6,7.28,1.84,4.14,377,55.0,7.31,1.49
default,DOGE+TON+XRP,0.5,3,101.6,7.29,1.80,3.84,343,36.6,6.88,1.44
perpair,APT+LTC+TON,0.5,3,101.6,6.06,1.93,4.33,325,59.6,7.56,1.61
rr28,DOGE+HBAR+LTC,0.55,2,101.5,7.12,1.75,3.96,336,52.5,7.56,1.46
perpair,ADA+BNB+ETH,0.45,3,101.4,7.76,1.91,3.97,333,51.8,7.4,1.58
thr06,APT+ETH+TON,0.45,3,101.4,7.21,1.83,4.27,387,58.1,7.48,1.58
rr28,ADA+APT+TON,0.5,3,101.4,6.62,1.86,4.14,353,70.0,7.42,1.68
rr28,DOGE+ETH+TON,0.5,2,101.3,6.69,2.01,4.31,316,45.9,6.88,1.62
perpair,1000PEPE+TON+XRP,0.45,2,101.2,5.25,1.94,4.2,337,49.1,6.62,1.59
rr28,BCH+DOGE+VET,0.55,2,101.2,6.44,1.83,4.02,345,59.3,6.47,1.62
perpair,1000PEPE+APT+TON,0.45,2,101.1,6.0,2.03,4.51,335,57.5,7.54,1.66
thr06,APT+DOGE+ETH,0.45,3,101.1,7.09,1.80,3.99,394,55.5,7.69,1.54
rr28,ADA+ETH+LTC,0.5,2,101.0,5.91,1.93,4.36,332,45.1,5.68,1.49
thr06,BCH+ETH+VET,0.5,2,101.0,6.54,1.84,3.89,373,63.8,7.8,1.62
default,APT+BCH+TON,0.5,2,100.9,6.83,1.98,4.17,311,83.7,6.47,1.94
perpair,APT+ETH+LTC,0.45,2,100.9,4.74,2.06,4.52,313,60.6,6.88,1.69
rr28,ETH+TON+VET,0.5,3,100.8,5.18,1.89,4.4,358,44.0,7.0,1.53
perpair,BNB+SNX+TON,0.45,3,100.7,4.68,1.93,4.29,336,48.3,7.89,1.50
default,APT+BNB+XRP,0.55,2,100.7,7.58,1.72,3.63,333,57.8,7.71,1.58
perpair,SNX+TON+XRP,0.45,2,100.6,7.87,1.90,4.17,340,54.8,7.56,1.55
thr06,APT+ETH+XRP,0.45,2,100.6,6.27,1.88,4.22,360,44.8,7.92,1.49
rr28,ETH+LTC+SNX,0.45,3,100.6,4.99,2.03,4.63,341,48.1,7.11,1.51
thr06,1000PEPE+BCH+ETH,0.45,2,100.6,7.01,2.00,4.26,344,61.0,7.4,1.67
rr28,BCH+TON+VET,0.55,2,100.5,7.13,1.83,4.11,341,66.1,6.25,1.69
thr06,1000PEPE+BCH+TON,0.5,2,100.5,7.99,1.83,4.01,359,71.2,6.63,1.66
rr40_sb20,BNB+TON+XRP,0.45,2,100.4,7.11,1.78,3.68,340,41.8,7.47,1.50
perpair,APT+DOGE+ETH,0.45,2,100.4,4.69,1.93,4.24,343,57.1,7.02,1.60
rr28,BCH+LTC+VET,0.5,3,100.4,6.1,1.85,4.23,367,58.0,7.68,1.59
perpair,ETH+LTC+TON,0.45,2,100.4,5.94,2.06,4.5,307,45.8,5.77,1.55
perpair,APT+DOGE+XRP,0.45,3,100.3,5.71,1.82,4.1,370,54.0,6.34,1.57
rr28,BCH+LTC+WLD,0.5,2,100.2,7.47,1.90,4.49,342,44.8,7.38,1.49
thr06,1000PEPE+ETH+TON,0.45,2,100.1,5.55,1.93,4.27,354,52.5,6.49,1.58
default,1000PEPE+DOGE+TON,0.5,2,100.1,5.11,1.89,4.03,322,51.2,7.76,1.58
perpair,ETH+HBAR+XRP,0.45,2,100.0,7.66,1.87,4.16,328,51.7,7.88,1.55
perpair,1000PEPE+DOGE+TON,0.45,2,99.9,5.04,1.93,4.18,353,46.6,7.89,1.52
rr28,DOGE+LTC+XRP,0.5,3,99.8,6.5,1.79,3.98,359,39.9,6.89,1.45
rr28,BCH+ETH+VET,0.55,2,99.8,5.8,1.88,4.21,331,61.8,7.14,1.67
rr28,BNB+ETH+TON,0.5,2,99.8,6.28,1.92,4.22,330,37.4,6.51,1.50
rr28,LTC+SNX+TON,0.45,2,99.8,4.21,2.04,4.93,338,49.4,7.93,1.53
perpair,APT+DOGE+TON,0.45,2,99.7,4.64,1.96,4.37,344,51.9,7.21,1.58
perpair,ETH+HBAR+LTC,0.55,3,99.7,7.71,1.75,3.73,321,66.8,6.82,1.52
rr28,ETH+LTC+TON,0.45,2,99.7,4.69,2.07,4.82,334,35.5,6.8,1.49
perpair,1000PEPE+ETH+VET,0.45,2,99.6,6.86,1.93,4.06,361,58.0,7.99,1.64
rr28,APT+BNB+ETH,0.5,2,99.6,5.26,1.92,4.02,330,46.6,7.82,1.55
perpair,APT+BCH+XRP,0.45,2,99.6,6.74,1.98,4.46,335,66.8,7.32,1.78
perpair,APT+ETH+LTC,0.45,3,99.4,5.56,1.98,4.29,332,61.5,7.39,1.66
rr40_sb20,APT+TON+XRP,0.45,2,99.4,6.79,1.88,3.91,332,63.1,6.67,1.67
perpair,APT+DOGE+HBAR,0.55,2,99.3,7.33,1.71,3.77,344,75.5,7.33,1.58
perpair,BCH+ETH+LTC,0.45,3,99.1,7.05,1.99,4.22,328,62.1,5.57,1.67
rr28,ADA+APT+ETH,0.5,3,99.1,6.57,1.90,3.89,337,66.8,7.25,1.66
thr06,APT+ETH+VET,0.5,2,99.0,6.02,1.77,3.84,382,72.2,7.27,1.67
rr28,BCH+LTC+TON,0.5,2,99.0,6.9,1.92,4.43,334,50.7,7.65,1.58
perpair,APT+SNX+TON,0.45,2,99.0,4.89,1.98,4.58,336,67.4,7.59,1.63
perpair,APT+BNB+XRP,0.45,3,99.0,5.42,1.90,4.12,329,47.7,7.75,1.60
perpair,DOGE+SNX+TON,0.45,2,98.9,6.39,1.88,4.28,356,56.5,7.31,1.51
perpair,APT+ENS+ETH,0.45,2,98.8,5.87,1.91,4.32,327,56.2,7.7,1.65
perpair,BCH+DOGE+HBAR,0.55,2,98.8,7.98,1.72,3.66,348,74.9,6.81,1.58
rr28,BCH+LTC+VET,0.5,2,98.8,6.1,1.89,4.33,353,59.5,7.0,1.64
thr06,BCH+ETH+LTC,0.45,3,98.8,7.71,1.87,4.02,378,49.3,6.52,1.50
thr06,1000PEPE+BNB+TON,0.5,2,98.8,6.75,1.73,3.74,374,49.4,7.92,1.47
thr06,1000PEPE+BNB+TON,0.5,3,98.7,7.9,1.67,3.6,397,53.2,7.87,1.49
rr28,ADA+APT+DOGE,0.5,3,98.7,6.76,1.81,3.75,356,71.5,7.5,1.67
rr28,APT+ETH+HBAR,0.55,3,98.6,7.55,1.80,3.98,328,67.4,7.89,1.58
rr28,1000PEPE+ETH+TON,0.55,3,98.6,6.23,1.82,3.85,331,56.9,7.74,1.62
default,ADA+DOGE+ETH,0.55,2,98.5,7.65,1.80,3.53,308,57.2,7.92,1.56
perpair,ADA+APT+BNB,0.5,3,98.5,6.32,1.84,3.77,334,64.4,7.68,1.64
rr28,BNB+TON+XRP,0.55,2,98.5,7.42,1.74,3.75,343,39.3,7.46,1.46
rr28,1000PEPE+DOGE+TON,0.55,2,98.4,5.61,1.81,3.93,328,63.0,7.95,1.66
perpair,APT+BCH+DOGE,0.45,3,98.4,5.44,1.89,4.14,373,67.0,7.74,1.67
thr06,1000PEPE+ETH+TON,0.45,3,98.3,6.37,1.82,4.04,380,53.1,7.56,1.56
rr28,LTC+SNX+VET,0.5,2,98.3,7.68,1.86,4.18,356,59.5,7.8,1.54
perpair,BCH+LTC+TON,0.5,2,98.3,7.21,1.96,4.25,314,58.1,7.86,1.62
rr28,APT+SNX+TON,0.45,3,98.3,6.8,1.99,4.63,347,66.0,6.73,1.68
rr28,BCH+BNB+VET,0.55,3,98.3,6.57,1.73,3.79,363,61.2,7.08,1.61
perpair,1000PEPE+LTC+TON,0.5,2,98.3,6.3,1.92,4.13,319,51.3,7.28,1.54
rr40_sb20,APT+BCH+DOGE,0.5,2,98.2,7.88,1.82,3.55,325,80.8,7.96,1.74
perpair,1000PEPE+APT+BCH,0.45,2,98.2,5.77,1.98,4.36,350,75.5,7.83,1.79
default,APT+BCH+ETH,0.5,3,98.2,5.63,1.97,4.1,314,76.3,7.92,1.85
perpair,1000PEPE+BCH+TON,0.45,3,98.2,5.64,1.94,4.25,355,59.0,5.72,1.65
default,APT+LTC+TON,0.45,3,98.2,5.51,1.90,4.36,357,57.5,7.65,1.62
default,APT+ETH+LTC,0.45,3,98.1,6.98,1.96,4.15,343,54.5,7.05,1.60
perpair,1000PEPE+APT+TON,0.45,3,98.1,6.0,1.92,4.27,359,58.4,7.54,1.64
rr28,BCH+DOGE+HBAR,0.6,3,98.1,7.89,1.70,3.78,326,79.8,6.55,1.64
perpair,ETH+HBAR+TON,0.45,3,98.0,6.09,1.90,4.41,337,49.5,6.7,1.52
default,APT+SNX+TON,0.45,3,98.0,6.23,1.96,4.45,341,71.3,7.99,1.70
rr28,ADA+BCH+LTC,0.5,3,97.9,5.27,1.86,4.25,344,66.9,7.68,1.63
thr06,ETH+LTC+TON,0.45,3,97.9,7.24,1.78,4.24,395,40.5,7.24,1.42
rr28,LTC+TON+XRP,0.5,2,97.8,6.94,1.84,4.24,343,40.6,5.75,1.49
perpair,DOGE+ETH+VET,0.45,2,97.8,7.91,1.89,3.93,361,51.3,6.31,1.58
default,APT+BCH+TON,0.5,3,97.8,7.45,1.90,3.98,328,79.9,6.47,1.86
rr28,APT+BCH+BNB,0.5,3,97.7,7.43,1.85,4.26,342,66.4,6.62,1.72
default,DOGE+SNX+TON,0.45,2,97.7,7.22,1.98,4.34,327,50.5,6.95,1.54
thr06,APT+BCH+ETH,0.45,2,97.6,6.15,1.98,4.46,349,63.7,6.4,1.68
perpair,APT+ENS+TON,0.45,2,97.6,7.24,1.93,4.34,328,53.5,7.22,1.66
rr28,BCH+BNB+TON,0.5,3,97.6,7.1,1.85,4.07,340,51.5,7.83,1.63
default,LTC+TON+XRP,0.45,3,97.6,7.51,1.88,4.16,350,32.2,6.9,1.40
default,1000PEPE+APT+TON,0.5,2,97.5,6.66,1.88,4.08,322,74.0,6.8,1.78
default,APT+LTC+TON,0.45,2,97.5,5.59,1.97,4.53,334,58.8,7.5,1.66
rr28,APT+ETH+TON,0.45,3,97.5,7.38,2.03,4.56,337,48.8,6.7,1.65
rr28,ETH+LTC+VET,0.5,2,97.5,6.64,1.89,4.32,353,38.7,7.74,1.45
perpair,APT+ETH+VET,0.45,2,97.4,5.56,1.93,4.3,355,64.6,7.65,1.73
rr28,BCH+ETH+SNX,0.5,2,97.4,5.8,2.03,4.47,304,73.2,5.75,1.79
default,SNX+TON+XRP,0.45,3,97.4,6.84,1.94,4.23,334,43.9,7.94,1.49
default,DOGE+ETH+TON,0.45,3,97.3,4.58,1.96,4.33,333,38.4,7.04,1.52
rr28,DOGE+ETH+HBAR,0.6,2,97.3,7.13,1.73,3.78,313,55.9,7.64,1.50
rr28,APT+ETH+TON,0.45,2,97.3,7.08,2.10,4.66,319,51.9,6.7,1.73
default,SNX+TON+XRP,0.45,2,97.3,6.13,1.97,4.28,327,44.6,7.94,1.52
perpair,1000PEPE+SNX+TON,0.45,3,97.2,7.77,1.85,4.22,367,60.9,6.19,1.55
thr06,APT+BCH+DOGE,0.45,2,97.2,6.91,1.88,4.15,373,66.8,7.47,1.65
perpair,APT+BCH+BNB,0.45,3,97.2,6.08,1.98,4.36,332,60.2,7.4,1.71
thr06,1000PEPE+APT+BCH,0.45,2,97.2,6.69,1.93,4.29,363,76.6,7.39,1.75
perpair,BCH+DOGE+LTC,0.5,2,97.2,6.81,1.86,3.86,334,64.2,7.96,1.61
perpair,APT+BCH+LTC,0.5,2,97.2,5.29,1.98,4.21,317,77.4,7.26,1.75
rr28,APT+DOGE+TON,0.45,3,97.2,5.82,1.93,4.36,356,52.5,6.9,1.67
default,APT+BCH+DOGE,0.5,2,97.1,6.56,1.88,4.1,324,76.0,7.63,1.84
perpair,1000PEPE+ADA+ETH,0.45,3,97.1,7.21,1.85,3.72,364,64.7,7.94,1.63
perpair,DOGE+ETH+LTC,0.45,3,97.1,7.27,1.85,3.69,352,50.5,7.04,1.52
default,APT+ETH+SNX,0.45,2,97.0,5.4,2.06,4.34,315,65.7,7.18,1.71
perpair,APT+BCH+WLD,0.45,3,97.0,6.95,1.90,4.31,373,63.9,6.95,1.64
rr28,BCH+LTC+TON,0.45,3,97.0,5.62,1.98,4.61,344,48.7,6.91,1.62
rr28,BCH+BNB+LTC,0.5,2,96.9,6.51,1.86,4.22,338,47.2,7.8,1.53
thr06,BCH+DOGE+ETH,0.45,2,96.9,6.58,1.92,4.12,352,48.7,6.59,1.54
rr28,APT+ETH+LTC,0.45,2,96.8,3.91,2.03,4.51,335,43.3,6.55,1.53
perpair,ENS+ETH+LTC,0.45,2,96.8,6.39,1.93,4.1,311,47.6,7.79,1.57
thr06,BCH+DOGE+TON,0.45,2,96.8,6.55,1.86,4.26,369,57.4,7.55,1.61
perpair,APT+BCH+ENS,0.45,2,96.7,6.8,1.95,4.26,337,63.8,7.75,1.74
perpair,ADA+ETH+LTC,0.5,2,96.7,7.02,1.88,3.89,311,64.9,6.68,1.63
thr06,BCH+DOGE+XRP,0.45,3,96.6,7.63,1.81,3.84,378,45.0,6.77,1.46
rr28,BCH+HBAR+LTC,0.55,2,96.6,7.82,1.77,4.0,326,72.0,6.91,1.61
default,APT+BCH+ENS,0.45,2,96.6,6.59,1.93,4.18,344,69.8,6.56,1.84
default,APT+ETH+TON,0.45,3,96.6,6.58,1.99,4.35,331,58.0,7.23,1.72
perpair,DOGE+LTC+XRP,0.5,2,96.5,6.09,1.76,3.64,330,50.3,6.31,1.51
rr28,ADA+BCH+LTC,0.5,2,96.5,5.47,1.89,4.4,330,63.8,6.39,1.64
rr28,BCH+DOGE+XRP,0.55,3,96.5,7.51,1.77,3.8,328,61.5,7.4,1.67
rr28,APT+BCH+SNX,0.5,2,96.5,6.34,1.98,4.29,315,90.1,7.48,1.82
rr28,APT+BNB+ENS,0.45,2,96.4,6.01,1.85,4.17,368,43.5,7.04,1.53
rr28,BCH+LTC+SNX,0.45,2,96.3,6.07,2.04,4.76,330,60.6,6.56,1.66
thr06,APT+ETH+SNX,0.45,2,96.3,7.51,1.85,4.12,361,61.8,6.91,1.56
perpair,APT+BCH+ENS,0.45,3,96.3,6.8,1.90,4.1,348,65.7,7.98,1.72
rr28,APT+BNB+DOGE,0.5,2,96.3,6.0,1.80,3.97,347,55.6,6.3,1.61
default,APT+BCH+BNB,0.55,3,96.3,7.94,1.74,3.61,334,79.0,6.86,1.76
rr28,ETH+LTC+WLD,0.45,3,96.2,5.35,1.96,4.49,353,27.8,7.82,1.35
default,APT+BCH+ETH,0.5,2,96.2,5.63,2.00,4.17,306,77.5,6.72,1.91
default,APT+BCH+ENS,0.45,3,96.2,7.09,1.88,4.05,355,70.1,6.94,1.80
thr06,DOGE+SNX+TON,0.45,3,96.1,7.25,1.74,3.97,398,60.3,7.07,1.50
rr28,ADA+APT+ETH,0.5,2,96.0,5.53,1.95,4.1,316,65.2,7.25,1.69
rr28,APT+ETH+SNX,0.45,3,95.9,6.09,2.04,4.46,331,63.3,6.91,1.67
default,APT+BNB+ENS,0.5,2,95.8,7.11,1.71,3.61,358,60.6,7.95,1.62
thr06,BCH+ETH+LTC,0.45,2,95.8,7.21,1.91,4.02,361,45.7,5.64,1.50
perpair,ADA+ETH+TON,0.45,2,95.7,6.73,1.92,4.3,330,52.8,7.04,1.58
perpair,1000PEPE+DOGE+TON,0.45,3,95.7,5.04,1.81,3.91,379,47.1,7.89,1.51
perpair,APT+BNB+DOGE,0.45,3,95.7,5.4,1.84,3.86,356,48.5,7.45,1.55
default,APT+ETH+TON,0.45,2,95.7,6.58,2.06,4.39,312,61.8,7.23,1.82
thr06,APT+BCH+TON,0.45,3,95.6,6.66,1.83,4.17,383,69.8,7.38,1.69
perpair,BCH+TON+VET,0.5,2,95.6,7.09,1.87,4.06,349,58.9,7.06,1.63
rr28,ETH+SNX+TON,0.45,3,95.6,6.66,2.03,4.55,329,50.4,6.28,1.60
rr28,APT+BCH+LTC,0.45,2,95.5,4.57,2.01,4.68,335,62.0,7.62,1.73
rr28,APT+DOGE+ETH,0.45,3,95.5,5.71,1.97,4.17,340,50.0,7.51,1.64
rr28,APT+BCH+DOGE,0.45,2,95.5,5.07,2.03,4.6,328,63.3,5.52,1.80
perpair,ADA+BCH+LTC,0.55,2,95.4,7.62,1.84,3.93,312,74.1,7.5,1.62
rr28,APT+ETH+XRP,0.5,3,95.4,7.18,1.87,4.03,330,51.4,7.33,1.60
perpair,DOGE+ENS+TON,0.45,2,95.4,7.58,1.85,4.07,341,41.9,7.81,1.49
thr06,APT+ETH+TON,0.45,2,95.2,7.28,1.86,4.22,361,63.9,7.48,1.69
perpair,ETH+TON+VET,0.45,2,95.2,5.04,1.93,4.18,345,48.0,7.23,1.59
rr28,ETH+HBAR+LTC,0.55,2,95.2,7.53,1.78,4.01,324,47.6,6.72,1.45
thr06,DOGE+TON+XRP,0.45,3,95.2,7.05,1.72,3.79,395,36.6,7.9,1.38
perpair,BNB+ETH+VET,0.45,2,95.2,6.15,1.90,4.07,339,42.3,7.62,1.54
perpair,BCH+TON+WLD,0.45,2,95.1,6.53,1.93,4.34,353,52.4,6.3,1.60
perpair,APT+BNB+XRP,0.45,2,95.1,5.42,1.91,4.16,318,49.0,6.82,1.64
default,APT+SNX+TON,0.45,2,95.1,6.23,1.99,4.49,321,71.1,7.99,1.71
rr28,APT+DOGE+XRP,0.5,3,95.1,7.42,1.79,3.84,349,55.6,6.99,1.62
perpair,1000PEPE+ADA+APT,0.5,2,95.1,6.3,1.84,3.85,338,78.0,7.9,1.69
rr28,APT+ETH+XRP,0.5,2,95.0,6.62,1.90,4.12,321,50.9,7.2,1.63
rr28,BCH+DOGE+XRP,0.55,2,95.0,7.51,1.78,3.79,323,60.5,6.9,1.68
perpair,BCH+TON+VET,0.45,3,95.0,6.92,1.92,4.28,366,53.5,6.4,1.62
rr28,DOGE+ETH+HBAR,0.55,3,94.9,7.14,1.75,3.89,329,52.5,7.74,1.50
default,BCH+ETH+SNX,0.45,3,94.9,5.07,2.09,4.36,307,58.5,7.83,1.66
rr28,BCH+DOGE+LTC,0.45,2,94.9,5.0,1.99,4.54,333,47.1,7.23,1.60
rr28,ETH+LTC+XRP,0.5,2,94.9,6.58,1.84,4.09,331,32.1,7.27,1.40
rr28,ETH+TON+XRP,0.5,2,94.9,7.37,1.91,4.08,318,41.4,6.81,1.58
perpair,1000PEPE+BNB+TON,0.45,3,94.8,5.71,1.89,4.08,338,41.4,7.54,1.52
perpair,BCH+ETH+LTC,0.45,2,94.7,6.52,2.01,4.21,316,60.5,4.71,1.69
default,BCH+SNX+TON,0.45,3,94.7,6.73,2.02,4.26,321,61.3,7.13,1.68
thr06,APT+ETH+LTC,0.45,3,94.7,7.08,1.77,3.83,399,48.7,7.79,1.47
perpair,1000PEPE+ADA+ETH,0.45,2,94.7,5.95,1.90,3.97,337,64.5,6.82,1.66
thr06,ETH+TON+VET,0.45,3,94.6,5.58,1.76,3.96,407,48.7,7.12,1.50
rr28,HBAR+LTC+TON,0.5,3,94.6,7.49,1.78,3.95,354,46.4,7.46,1.45
perpair,DOGE+LTC+XRP,0.5,3,94.6,7.31,1.73,3.43,346,49.6,6.31,1.48
thr06,APT+SNX+TON,0.45,3,94.5,6.94,1.75,4.0,395,71.8,6.69,1.58
rr28,DOGE+ETH+TON,0.45,3,94.4,4.96,1.97,4.36,338,38.1,6.69,1.56
rr28,ETH+SNX+TON,0.45,2,94.4,6.66,2.07,4.63,318,51.4,7.17,1.62
default,BNB+LTC+TON,0.45,3,94.4,7.53,1.82,3.91,360,33.6,7.95,1.40
perpair,ADA+DOGE+ETH,0.45,2,94.4,7.16,1.83,3.8,343,50.4,7.84,1.52
rr28,BCH+TON+VET,0.5,3,94.3,7.08,1.84,4.09,355,60.3,6.02,1.69
default,LTC+TON+XRP,0.45,2,94.2,6.1,1.89,4.27,336,33.8,6.35,1.44
rr28,BCH+ETH+LTC,0.45,3,94.2,4.7,2.02,4.66,328,46.2,5.84,1.60
rr28,ETH+TON+XRP,0.5,3,94.2,7.37,1.86,4.03,328,38.0,6.81,1.51
thr06,DOGE+SNX+TON,0.45,2,94.2,7.17,1.78,4.12,376,61.5,7.07,1.52
default,APT+ETH+LTC,0.45,2,94.2,5.36,1.97,4.2,328,51.5,6.26,1.60
default,ADA+DOGE+LTC,0.5,3,94.1,7.46,1.71,3.49,361,52.8,7.82,1.47
default,APT+BCH+BNB,0.55,2,94.1,7.94,1.76,3.7,323,78.7,6.86,1.79
rr28,APT+SNX+TON,0.45,2,94.1,6.8,2.01,4.64,328,65.9,6.73,1.69
rr28,ADA+APT+DOGE,0.5,2,94.1,5.5,1.86,3.94,328,68.7,7.63,1.68
thr06,1000PEPE+SNX+TON,0.45,2,94.0,6.4,1.83,4.18,367,66.1,6.15,1.58
rr28,ETH+LTC+SNX,0.45,2,94.0,5.4,2.02,4.64,328,45.2,6.1,1.52
rr28,DOGE+TON+XRP,0.5,3,94.0,7.48,1.78,3.86,347,41.9,5.82,1.53
rr28,DOGE+ENS+HBAR,0.45,2,94.0,7.98,1.86,4.08,352,38.1,7.03,1.43
rr28,BCH+ETH+LTC,0.45,2,93.9,4.7,2.05,4.74,322,45.8,5.48,1.61
perpair,APT+BCH+BNB,0.45,2,93.9,6.08,2.00,4.41,323,59.2,6.85,1.72
perpair,BCH+HBAR+TON,0.5,3,93.9,7.34,1.83,3.89,334,62.7,6.99,1.58
perpair,ADA+APT+LTC,0.55,3,93.9,7.24,1.76,3.63,331,82.0,7.91,1.65
thr06,1000PEPE+DOGE+TON,0.45,2,93.9,5.48,1.82,3.99,371,49.7,7.69,1.52
perpair,BCH+ETH+VET,0.45,2,93.9,6.16,1.93,4.27,356,59.3,6.02,1.68
perpair,BNB+DOGE+SNX,0.45,3,93.9,5.96,1.78,3.76,364,50.9,7.62,1.48
default,BCH+BNB+TON,0.5,3,93.8,7.49,1.82,3.78,331,49.8,7.48,1.60
thr06,APT+DOGE+XRP,0.45,3,93.7,6.88,1.72,3.83,399,44.5,7.71,1.43
default,BNB+ETH+TON,0.45,2,93.7,7.24,1.96,4.27,320,33.7,7.45,1.48
perpair,ADA+BNB+ETH,0.45,2,93.7,7.15,1.89,4.03,319,52.0,6.85,1.62
default,ADA+APT+LTC,0.5,3,93.6,6.74,1.75,3.66,359,77.0,7.13,1.63
rr28,APT+DOGE+ETH,0.5,2,93.5,6.6,1.92,4.18,313,59.9,7.77,1.70
perpair,APT+BNB+ENS,0.45,3,93.5,5.02,1.85,4.01,331,47.3,7.9,1.60
default,APT+DOGE+XRP,0.5,3,93.5,7.83,1.74,3.72,346,55.0,6.99,1.60
perpair,1000PEPE+LTC+TON,0.5,3,93.4,7.97,1.82,3.9,335,53.9,6.86,1.54
rr28,APT+ETH+HBAR,0.55,2,93.4,7.55,1.81,3.96,315,62.5,7.89,1.58
rr28,BNB+SNX+TON,0.5,2,93.4,6.98,1.81,4.04,343,52.1,7.78,1.53
rr28,APT+BCH+BNB,0.5,2,93.4,7.43,1.86,4.26,332,65.5,6.62,1.72
thr06,APT+DOGE+TON,0.45,3,93.3,6.56,1.72,3.95,407,57.2,7.9,1.55
thr06,APT+BCH+WLD,0.45,3,93.3,6.98,1.81,4.04,390,64.0,6.91,1.61
rr28,ADA+LTC+TON,0.45,3,93.3,5.09,1.88,4.41,363,46.7,6.44,1.52
rr28,ADA+BNB+TON,0.5,3,93.3,6.63,1.75,3.91,359,49.2,7.77,1.53
rr28,ADA+APT+LTC,0.45,3,93.3,4.89,1.87,4.17,365,59.5,6.59,1.59
rr28,SNX+TON+XRP,0.5,2,93.2,6.42,1.84,4.12,331,55.1,7.53,1.58
perpair,DOGE+HBAR+XRP,0.55,2,93.2,7.82,1.62,3.37,342,60.9,6.71,1.49
rr28,APT+BNB+TON,0.45,3,93.2,7.46,1.86,4.28,361,46.2,7.32,1.59
rr28,APT+ETH+SNX,0.45,2,93.0,5.57,2.06,4.52,319,59.6,6.91,1.67
perpair,BCH+DOGE+VET,0.5,2,93.0,6.86,1.78,3.68,375,57.0,7.25,1.56
perpair,ETH+HBAR+VET,0.5,2,92.9,6.28,1.76,3.88,349,57.3,7.72,1.53
rr28,BNB+ETH+SNX,0.5,2,92.9,6.34,1.85,4.0,324,52.2,7.94,1.54
rr28,ADA+HBAR+LTC,0.55,2,92.9,7.47,1.71,3.81,338,67.5,7.9,1.52
rr40_sb20,APT+SNX+TON,0.45,3,92.9,7.89,1.82,3.8,341,76.8,7.76,1.60
default,APT+DOGE+XRP,0.5,2,92.8,7.21,1.75,3.89,333,55.1,6.58,1.63
rr28,APT+DOGE+XRP,0.5,2,92.7,6.81,1.80,3.96,336,54.3,6.44,1.63
thr06,DOGE+ETH+TON,0.45,2,92.7,7.05,1.83,4.04,359,47.9,6.66,1.54
thr06,1000PEPE+BCH+TON,0.45,3,92.7,7.21,1.82,4.05,376,64.3,6.43,1.67
rr28,BCH+BNB+SNX,0.5,2,92.7,7.57,1.88,4.05,325,66.3,7.37,1.67
thr06,APT+BCH+TON,0.45,2,92.6,6.66,1.84,4.24,363,74.7,6.92,1.77
thr06,APT+ETH+VET,0.45,3,92.6,6.15,1.75,3.78,411,57.6,7.67,1.55
rr28,ETH+LTC+VET,0.45,3,92.6,6.43,1.89,4.38,370,37.2,7.1,1.46
default,BCH+ETH+VET,0.55,2,92.5,7.09,1.82,3.64,326,60.1,6.94,1.66
rr28,DOGE+SNX+TON,0.45,2,92.5,7.22,1.96,4.47,333,54.6,6.93,1.62
perpair,ETH+HBAR+SNX,0.45,3,92.4,6.51,1.80,4.02,353,66.0,7.82,1.54
rr40_sb20,APT+BNB+XRP,0.45,2,92.3,7.23,1.75,3.55,337,58.4,6.58,1.63
default,BCH+ETH+SNX,0.45,2,92.3,5.07,2.10,4.37,300,61.1,7.32,1.74
rr28,APT+BNB+DOGE,0.45,3,92.1,5.77,1.82,3.99,364,47.5,6.32,1.58
rr28,DOGE+ETH+LTC,0.45,2,92.1,4.27,1.98,4.46,329,36.7,7.79,1.50
default,1000PEPE+ETH+TON,0.45,2,92.1,4.13,2.03,4.17,310,43.4,7.86,1.60
thr06,1000PEPE+SNX+TON,0.45,3,91.9,7.74,1.75,4.04,388,66.3,6.15,1.56
thr06,DOGE+TON+XRP,0.45,2,91.9,6.09,1.76,3.86,372,38.0,7.42,1.41
perpair,ADA+APT+BNB,0.5,2,91.9,5.19,1.83,3.78,320,62.7,7.26,1.65
perpair,APT+BCH+WLD,0.45,2,91.8,6.99,1.90,4.32,361,64.4,6.44,1.67
rr28,ADA+ETH+TON,0.5,2,91.8,6.44,1.89,4.2,321,48.3,7.44,1.55
rr28,1000PEPE+APT+TON,0.5,2,91.8,6.84,1.86,4.16,328,65.5,6.2,1.71
default,DOGE+ETH+TON,0.45,2,91.8,4.62,2.02,4.25,310,40.8,6.56,1.58
perpair,ENS+ETH+VET,0.45,2,91.8,7.82,1.84,3.93,342,49.7,7.65,1.60
rr28,ADA+APT+BNB,0.5,2,91.8,5.77,1.81,3.76,340,63.1,7.5,1.63
perpair,DOGE+ETH+HBAR,0.45,3,91.8,6.32,1.76,3.81,365,51.9,6.26,1.50
rr28,BCH+DOGE+TON,0.45,2,91.7,5.81,2.00,4.51,325,50.1,6.04,1.71
rr28,APT+BCH+TON,0.45,3,91.7,7.31,1.98,4.5,334,63.8,6.32,1.80
rr28,BCH+DOGE+HBAR,0.55,2,91.6,7.26,1.76,3.94,318,72.4,5.76,1.67
rr28,ETH+HBAR+LTC,0.5,3,91.5,6.69,1.81,4.13,338,43.7,6.42,1.43
perpair,1000PEPE+BCH+TON,0.45,2,91.5,5.12,1.93,4.21,343,58.5,6.0,1.67
rr28,BCH+ETH+VET,0.5,3,91.5,5.8,1.88,4.2,339,57.4,5.91,1.67
rr40_sb20,BCH+ETH+VET,0.45,2,91.5,6.71,1.91,3.73,329,54.0,7.28,1.65
rr28,APT+ENS+HBAR,0.45,2,91.5,6.45,1.84,4.06,356,51.7,7.69,1.55
thr06,1000PEPE+BCH+DOGE,0.45,3,91.3,7.22,1.80,3.66,383,61.7,7.74,1.61
perpair,1000PEPE+BCH+DOGE,0.45,3,91.3,7.22,1.80,3.66,383,61.7,7.74,1.61
perpair,BNB+DOGE+ENS,0.45,3,91.3,6.05,1.74,3.62,351,37.0,7.46,1.45
rr28,DOGE+HBAR+LTC,0.5,3,91.3,6.62,1.73,3.9,357,47.8,7.42,1.45
rr28,BNB+SNX+TON,0.45,3,91.3,6.3,1.87,4.25,353,47.6,7.02,1.54
rr28,BCH+DOGE+VET,0.5,3,91.2,7.11,1.79,3.9,358,61.9,6.75,1.69
rr28,APT+BNB+ETH,0.45,3,91.2,5.19,1.90,3.99,345,43.8,7.61,1.56
rr40_sb20,1000PEPE+APT+BCH,0.5,2,91.1,7.05,1.80,3.4,319,83.9,7.81,1.79
perpair,ETH+HBAR+TON,0.45,2,91.1,7.73,1.87,4.19,325,48.7,6.17,1.53
rr28,ENS+ETH+HBAR,0.45,2,91.0,7.33,1.90,4.16,340,36.1,6.06,1.45
perpair,1000PEPE+ADA+DOGE,0.5,3,91.0,7.53,1.67,3.22,385,66.0,7.31,1.54
rr28,DOGE+TON+XRP,0.5,2,91.0,6.1,1.81,3.9,332,43.5,5.82,1.57
rr28,ETH+TON+VET,0.5,2,90.9,5.14,1.88,4.24,339,45.1,6.85,1.57
rr28,ADA+APT+LTC,0.45,2,90.9,4.89,1.94,4.23,343,58.1,7.74,1.61
thr06,ETH+HBAR+SNX,0.5,3,90.8,7.82,1.63,3.46,382,67.4,7.43,1.46
default,1000PEPE+APT+TON,0.5,3,90.7,6.66,1.77,3.78,344,75.6,7.3,1.76
default,APT+LTC+XRP,0.45,2,90.7,5.7,1.85,4.12,341,52.0,7.8,1.62
rr28,BCH+LTC+WLD,0.45,3,90.6,6.75,1.91,4.46,350,40.7,6.66,1.49
perpair,APT+BCH+VET,0.45,3,90.6,4.95,1.88,4.2,374,67.9,7.9,1.72
rr28,DOGE+LTC+XRP,0.5,2,90.6,6.5,1.76,3.85,345,39.2,6.72,1.47
rr28,ETH+SNX+XRP,0.5,2,90.6,7.03,1.88,4.06,312,51.8,7.6,1.57
default,DOGE+ETH+LTC,0.45,2,90.6,6.71,1.92,4.03,323,38.4,7.47,1.49
rr28,BCH+BNB+TON,0.5,2,90.4,6.78,1.82,4.05,330,50.4,7.83,1.63
rr28,ADA+ETH+LTC,0.45,3,90.4,5.69,1.91,4.27,347,44.2,5.87,1.50
perpair,BNB+ETH+HBAR,0.45,3,90.4,7.87,1.83,4.07,324,45.9,7.5,1.51
thr06,ADA+APT+BCH,0.5,3,90.3,7.25,1.68,3.54,382,89.7,7.74,1.69
rr40_sb20,APT+DOGE+XRP,0.45,2,90.3,6.98,1.77,3.66,333,55.0,6.6,1.60
thr06,1000PEPE+DOGE+TON,0.45,3,90.3,5.53,1.71,3.72,400,52.0,7.66,1.52
rr28,BNB+ETH+TON,0.45,3,90.3,5.66,1.90,4.19,343,32.2,5.88,1.47
thr06,APT+DOGE+XRP,0.45,2,90.3,5.83,1.75,3.97,376,46.2,7.22,1.47
rr28,ADA+DOGE+LTC,0.45,3,90.2,5.23,1.82,4.13,366,47.9,6.92,1.52
default,APT+DOGE+ETH,0.45,3,90.2,5.71,1.88,3.88,336,54.9,7.51,1.67
default,1000PEPE+BCH+ETH,0.5,2,90.1,7.54,1.95,3.83,300,65.3,7.59,1.81
default,APT+LTC+WLD,0.45,3,90.1,7.39,1.81,3.9,364,48.1,7.58,1.50
rr28,BNB+DOGE+TON,0.45,3,90.1,5.6,1.82,4.05,362,35.5,7.75,1.50
default,DOGE+TON+XRP,0.45,2,90.1,5.25,1.87,4.0,327,34.0,6.2,1.48
thr06,LTC+TON+XRP,0.45,2,90.0,7.15,1.74,3.92,380,32.9,7.6,1.36
rr28,ETH+LTC+WLD,0.45,2,90.0,5.85,1.95,4.43,341,24.9,7.36,1.33
rr28,APT+BNB+XRP,0.5,2,90.0,6.53,1.77,3.8,342,50.0,7.85,1.57
thr06,BCH+DOGE+XRP,0.45,2,90.0,7.63,1.80,3.81,362,44.4,6.77,1.48
rr28,BCH+SNX+TON,0.45,3,89.9,6.32,1.98,4.4,326,65.3,7.31,1.74
rr28,1000PEPE+APT+TON,0.5,3,89.8,6.84,1.79,3.95,349,68.5,6.69,1.72
rr28,APT+DOGE+TON,0.45,2,89.8,5.82,1.95,4.34,332,51.8,6.56,1.68
rr28,LTC+TON+XRP,0.45,3,89.8,6.27,1.84,4.18,356,34.2,5.62,1.45
rr28,APT+BCH+SNX,0.45,3,89.8,5.67,1.98,4.42,328,79.8,6.91,1.80
rr28,BCH+BNB+LTC,0.45,3,89.8,5.87,1.86,4.23,352,43.7,7.37,1.54
perpair,ADA+BNB+TON,0.45,3,89.8,5.55,1.88,4.16,326,43.4,7.81,1.54
perpair,1000PEPE+BNB+TON,0.45,2,89.8,5.23,1.89,4.02,326,40.7,6.99,1.53
perpair,ENS+ETH+HBAR,0.45,3,89.8,7.86,1.76,3.86,340,50.7,6.17,1.53
rr28,APT+BCH+ETH,0.45,2,89.7,6.13,2.07,4.68,311,62.9,6.23,1.85
default,BCH+DOGE+HBAR,0.6,2,89.7,7.89,1.65,3.43,314,71.0,6.62,1.60
thr06,APT+BCH+BNB,0.45,3,89.7,6.97,1.76,3.85,387,61.6,6.99,1.60
thr06,APT+DOGE+TON,0.45,2,89.7,6.06,1.76,3.95,378,57.4,7.33,1.57
perpair,LTC+TON+XRP,0.45,2,89.7,6.13,1.91,4.01,309,42.9,5.2,1.56
rr28,ADA+DOGE+LTC,0.45,2,89.6,5.66,1.89,4.4,339,45.9,7.47,1.52
perpair,BNB+DOGE+VET,0.5,2,89.5,5.77,1.73,3.64,356,45.2,7.74,1.47
rr28,BNB+TON+XRP,0.5,3,89.5,7.32,1.73,3.72,352,35.2,7.33,1.45
perpair,APT+BNB+WLD,0.45,2,89.5,5.89,1.85,4.27,342,45.0,7.05,1.54
default,APT+ETH+XRP,0.45,2,89.4,5.81,1.94,3.98,316,47.6,7.39,1.65
rr28,DOGE+HBAR+LTC,0.5,2,89.3,6.49,1.76,3.96,336,46.9,6.88,1.46
rr28,APT+BCH+TON,0.45,2,89.2,6.75,2.00,4.51,319,63.5,6.32,1.83
perpair,ETH+LTC+VET,0.45,3,89.2,7.67,1.84,3.83,353,50.9,6.12,1.56
rr28,APT+BCH+ETH,0.45,3,89.2,6.13,2.03,4.56,318,61.1,6.25,1.78
default,BCH+DOGE+XRP,0.5,3,89.1,7.72,1.77,3.72,326,44.8,7.79,1.55
thr06,ETH+TON+VET,0.45,2,89.1,6.1,1.80,4.05,377,49.5,6.62,1.55
default,APT+TON+XRP,0.45,2,89.1,5.37,1.91,4.09,325,52.9,6.95,1.69
rr40_sb20,APT+BCH+DOGE,0.5,3,89.1,7.88,1.72,3.28,336,76.7,7.96,1.68
rr28,BCH+DOGE+VET,0.5,2,89.1,5.87,1.83,4.02,345,52.8,5.9,1.62
default,APT+DOGE+TON,0.45,3,88.9,5.48,1.82,4.12,350,57.8,6.74,1.69
perpair,LTC+TON+XRP,0.45,3,88.9,6.13,1.87,3.83,318,41.4,5.2,1.52
rr28,ADA+DOGE+ETH,0.5,2,88.9,7.16,1.85,3.93,311,50.4,7.37,1.58
rr28,APT+BCH+DOGE,0.45,3,88.9,5.07,1.93,4.34,337,65.3,5.81,1.80
rr28,BCH+DOGE+TON,0.45,3,88.9,5.81,1.93,4.32,335,51.8,6.04,1.72
default,APT+ETH+XRP,0.45,3,88.9,6.32,1.90,3.85,327,48.7,7.39,1.63
rr28,ADA+BCH+DOGE,0.5,3,88.8,7.65,1.80,3.91,335,70.7,7.31,1.73
perpair,DOGE+ETH+LTC,0.45,2,88.7,7.14,1.85,3.67,326,53.0,6.02,1.59
perpair,APT+BNB+DOGE,0.45,2,88.7,5.25,1.85,3.89,338,49.6,6.76,1.57
rr28,APT+BNB+TON,0.45,2,88.7,6.6,1.87,4.25,349,44.8,6.86,1.58
thr06,APT+BNB+VET,0.5,2,88.7,7.91,1.65,3.32,398,58.8,7.98,1.53
perpair,ETH+LTC+SNX,0.45,2,88.7,7.72,1.89,3.94,318,64.0,6.12,1.60
default,APT+BNB+XRP,0.5,2,88.7,6.89,1.73,3.63,333,51.5,7.03,1.58
rr28,BNB+ETH+SNX,0.45,3,88.6,6.22,1.90,4.02,337,45.2,7.77,1.53
rr28,HBAR+LTC+TON,0.5,2,88.5,6.9,1.77,3.91,341,46.4,7.46,1.46
perpair,DOGE+HBAR+XRP,0.5,3,88.5,7.13,1.64,3.4,359,51.3,7.53,1.45
rr28,BCH+TON+VET,0.5,2,88.5,6.51,1.83,4.11,341,58.8,5.7,1.69
perpair,APT+LTC+TON,0.45,2,88.5,4.95,2.02,4.5,304,55.0,6.68,1.68
perpair,BCH+DOGE+VET,0.45,3,88.5,6.43,1.78,3.7,394,56.2,7.85,1.58
thr06,APT+BCH+WLD,0.45,2,88.4,6.98,1.81,3.98,377,66.1,6.41,1.66
perpair,ADA+APT+BCH,0.45,3,88.3,5.9,1.89,4.07,351,76.2,7.58,1.75
rr28,BCH+ETH+HBAR,0.55,2,88.3,7.44,1.80,4.0,303,67.4,6.56,1.67
rr28,SNX+TON+VET,0.45,3,88.3,7.2,1.85,4.12,368,55.1,7.03,1.59
default,APT+DOGE+TON,0.45,2,88.3,5.48,1.90,4.21,324,59.4,6.19,1.73
default,DOGE+TON+XRP,0.45,3,88.2,6.58,1.81,3.84,343,32.5,6.2,1.45
perpair,ENS+ETH+HBAR,0.45,2,88.2,7.91,1.78,3.85,329,50.8,5.61,1.57
perpair,APT+LTC+TON,0.45,3,88.2,5.47,1.93,4.33,325,52.5,6.82,1.61
default,BCH+DOGE+XRP,0.5,2,88.1,7.72,1.79,3.73,320,45.3,7.8,1.57
rr28,ADA+APT+TON,0.45,3,88.0,5.98,1.87,4.14,353,61.4,6.7,1.68
thr06,BCH+DOGE+VET,0.45,3,88.0,7.72,1.73,3.53,410,57.3,7.14,1.55
rr28,APT+DOGE+HBAR,0.5,2,88.0,7.86,1.78,4.0,327,65.2,5.74,1.63
rr28,DOGE+ETH+TON,0.45,2,87.9,6.04,2.01,4.31,316,40.6,6.21,1.62
perpair,BCH+LTC+VET,0.55,2,87.9,6.69,1.77,3.58,337,71.8,7.59,1.65
rr28,BCH+ETH+VET,0.5,2,87.9,5.28,1.88,4.22,331,55.1,6.51,1.67
perpair,ETH+HBAR+LTC,0.5,3,87.8,7.03,1.76,3.73,321,59.4,6.22,1.53
perpair,BCH+LTC+TON,0.45,3,87.8,6.15,1.95,4.21,321,53.1,7.64,1.62
thr06,BCH+ETH+VET,0.45,2,87.8,5.9,1.84,3.89,373,56.1,7.05,1.62
rr28,ADA+ETH+LTC,0.45,2,87.7,5.34,1.93,4.36,332,40.0,5.13,1.50
default,APT+TON+XRP,0.45,3,87.7,5.57,1.83,3.92,341,51.4,7.42,1.65
default,APT+BCH+TON,0.45,2,87.6,6.16,1.98,4.17,311,73.1,5.84,1.94
rr28,BCH+ETH+HBAR,0.55,3,87.6,7.44,1.78,3.97,307,66.5,6.56,1.63
rr28,ADA+BCH+DOGE,0.5,2,87.5,7.65,1.84,4.02,324,66.2,7.31,1.74
rr28,ETH+TON+VET,0.45,3,87.5,4.68,1.89,4.41,358,39.0,6.32,1.54
perpair,APT+DOGE+HBAR,0.5,2,87.5,6.68,1.71,3.77,344,67.0,6.66,1.58
perpair,BCH+BNB+VET,0.45,3,87.5,5.4,1.85,4.05,353,49.8,7.46,1.60
perpair,ETH+LTC+VET,0.5,2,87.5,7.46,1.80,3.59,332,55.0,6.45,1.57
default,ADA+APT+BNB,0.55,2,87.4,7.03,1.67,3.21,330,82.1,7.83,1.68
rr28,BCH+DOGE+SNX,0.45,2,87.4,6.31,1.97,4.43,322,65.2,7.55,1.76
rr28,BCH+DOGE+HBAR,0.55,3,87.4,7.26,1.70,3.78,326,71.5,6.02,1.64
thr06,1000PEPE+BCH+TON,0.45,2,87.3,7.21,1.82,4.01,359,62.4,5.98,1.67
rr40_sb20,APT+SNX+TON,0.45,2,87.2,7.89,1.82,3.76,321,75.1,7.37,1.60
rr28,BCH+ETH+SNX,0.45,3,87.2,5.23,2.03,4.5,310,62.7,7.56,1.73
rr28,BCH+LTC+VET,0.45,3,87.2,5.5,1.85,4.23,367,51.1,6.93,1.59
default,1000PEPE+BCH+TON,0.5,3,87.1,7.3,1.81,3.74,324,64.1,7.69,1.74
default,ADA+APT+ETH,0.5,2,87.1,6.58,1.86,3.6,309,74.8,7.56,1.75
rr28,BCH+VET+WLD,0.5,3,87.1,6.03,1.77,3.93,361,51.0,7.97,1.55
perpair,BCH+DOGE+HBAR,0.5,2,87.1,7.28,1.73,3.66,348,66.5,6.2,1.58
default,1000PEPE+ETH+TON,0.45,3,87.0,4.73,1.90,3.94,327,45.6,7.65,1.61
default,1000PEPE+DOGE+TON,0.45,2,87.0,4.61,1.89,4.03,322,45.2,7.0,1.59
rr40_sb20,APT+DOGE+TON,0.45,2,87.0,7.58,1.78,3.49,331,58.0,6.67,1.60
rr28,BCH+LTC+WLD,0.45,2,87.0,6.75,1.90,4.49,342,39.6,6.67,1.50
perpair,ADA+ETH+LTC,0.45,3,86.9,7.41,1.85,3.76,330,58.6,5.95,1.60
perpair,BCH+DOGE+HBAR,0.5,3,86.9,7.78,1.70,3.51,362,65.5,7.51,1.55
rr28,ETH+LTC+XRP,0.45,3,86.9,5.94,1.88,4.15,340,32.0,7.97,1.43
perpair,APT+VET+WLD,0.45,3,86.9,7.79,1.76,3.88,398,52.5,7.96,1.54
rr28,SNX+TON+VET,0.5,2,86.9,6.58,1.79,3.95,348,63.5,7.91,1.61
rr40_sb20,BCH+BNB+TON,0.45,3,86.9,7.73,1.73,3.32,338,53.4,7.7,1.62
rr28,APT+ETH+HBAR,0.5,3,86.9,6.88,1.80,3.98,328,59.9,7.18,1.58
rr28,1000PEPE+ETH+TON,0.5,3,86.8,5.68,1.82,3.85,331,50.7,7.06,1.62
rr28,HBAR+SNX+TON,0.5,3,86.8,6.16,1.76,3.86,336,64.4,7.81,1.55
default,ADA+DOGE+ETH,0.5,2,86.8,6.98,1.80,3.54,308,51.1,7.23,1.56
thr06,ADA+APT+BCH,0.5,2,86.8,7.96,1.71,3.57,359,94.0,7.74,1.75
rr28,DOGE+LTC+XRP,0.45,3,86.8,5.87,1.79,3.98,359,35.4,6.21,1.45
rr28,BNB+TON+XRP,0.5,2,86.7,6.77,1.75,3.75,343,35.3,6.8,1.46
rr28,1000PEPE+DOGE+TON,0.5,2,86.7,5.11,1.81,3.93,328,56.1,7.25,1.66
rr28,DOGE+ETH+HBAR,0.55,2,86.7,6.55,1.73,3.78,313,50.4,7.02,1.50
rr28,BNB+ETH+TON,0.45,2,86.6,5.66,1.92,4.22,330,33.2,5.88,1.50
rr28,BCH+BNB+VET,0.5,3,86.6,5.99,1.73,3.79,363,54.5,6.46,1.60
perpair,ADA+APT+DOGE,0.45,3,86.6,5.84,1.76,3.58,375,63.1,7.93,1.61
rr28,DOGE+HBAR+XRP,0.6,2,86.6,7.83,1.57,3.39,328,60.0,7.16,1.51
perpair,LTC+SNX+TON,0.45,3,86.6,6.17,1.85,3.89,333,55.2,7.88,1.52
rr28,ADA+LTC+TON,0.45,2,86.6,5.99,1.86,4.22,347,44.4,7.23,1.52
rr28,APT+DOGE+HBAR,0.5,3,86.5,7.86,1.72,3.76,347,64.4,7.15,1.60
rr28,APT+BNB+ETH,0.45,2,86.5,4.74,1.92,4.02,330,41.3,7.06,1.55
rr28,1000PEPE+DOGE+TON,0.5,3,86.5,7.27,1.74,3.7,350,54.9,7.6,1.64
rr28,ADA+BNB+TON,0.5,2,86.4,6.64,1.75,3.86,346,49.3,7.64,1.55
rr40_sb20,1000PEPE+APT+TON,0.45,2,86.4,7.44,1.78,3.59,332,58.4,7.23,1.62
perpair,1000PEPE+ETH+HBAR,0.45,3,86.4,6.17,1.76,3.83,355,58.3,7.32,1.56
default,BCH+ETH+VET,0.5,3,86.2,6.46,1.82,3.7,334,54.1,7.53,1.63
perpair,APT+BCH+VET,0.45,2,86.2,4.95,1.88,4.18,358,72.5,7.44,1.80
default,APT+BNB+LTC,0.45,3,86.2,7.31,1.75,3.62,363,49.7,7.93,1.53
thr06,APT+ETH+VET,0.45,2,86.1,5.43,1.77,3.84,382,63.3,6.56,1.66
perpair,ADA+BCH+DOGE,0.45,3,86.1,7.73,1.78,3.7,371,64.0,6.81,1.62
rr28,ETH+SNX+VET,0.45,3,86.1,7.75,1.88,4.07,352,52.6,7.03,1.58
rr28,ADA+APT+ETH,0.45,3,86.1,5.93,1.90,3.89,337,58.7,6.55,1.66
rr28,ETH+HBAR+TON,0.5,3,86.0,7.75,1.80,4.03,326,45.6,7.44,1.50
rr28,BCH+LTC+TON,0.45,2,86.0,6.23,1.92,4.43,334,44.8,6.91,1.59
perpair,1000PEPE+ADA+TON,0.45,3,85.9,5.79,1.81,3.86,357,55.5,7.29,1.59
thr06,1000PEPE+BNB+TON,0.45,2,85.8,6.1,1.73,3.74,374,43.7,7.15,1.47
rr28,BCH+LTC+VET,0.45,2,85.8,5.5,1.89,4.33,353,52.4,6.31,1.64
thr06,1000PEPE+BNB+TON,0.45,3,85.8,7.12,1.67,3.6,397,47.0,7.09,1.49
rr28,ADA+APT+DOGE,0.45,3,85.8,6.1,1.82,3.75,356,62.7,6.76,1.68
default,BCH+TON+VET,0.5,3,85.7,6.19,1.77,3.59,348,57.3,7.97,1.64
perpair,BNB+DOGE+VET,0.45,3,85.6,6.3,1.73,3.62,377,38.9,7.62,1.45
perpair,ADA+APT+BNB,0.45,3,85.6,5.7,1.84,3.77,334,56.6,6.91,1.64
perpair,APT+DOGE+LTC,0.45,2,85.5,6.0,1.87,3.96,331,57.0,7.86,1.62
rr28,BCH+HBAR+LTC,0.5,3,85.5,7.47,1.76,3.96,335,59.8,7.35,1.56
rr40_sb20,APT+BCH+DOGE,0.45,2,85.5,7.12,1.82,3.55,325,70.7,7.19,1.74
rr28,1000PEPE+ETH+HBAR,0.65,2,85.5,7.48,1.62,3.17,306,70.0,7.96,1.53
rr28,LTC+SNX+VET,0.45,2,85.5,6.93,1.86,4.18,356,52.4,7.05,1.55
default,BCH+DOGE+HBAR,0.6,3,85.4,7.89,1.60,3.29,322,71.5,7.25,1.58
perpair,BCH+LTC+TON,0.45,2,85.4,6.51,1.95,4.25,314,51.2,7.1,1.63
perpair,1000PEPE+LTC+TON,0.45,2,85.4,5.69,1.92,4.13,319,45.3,6.55,1.55
perpair,ADA+BNB+LTC,0.55,2,85.4,7.93,1.72,3.45,299,56.5,7.74,1.54
default,APT+BCH+ETH,0.45,3,85.3,5.08,1.97,4.1,314,66.8,7.15,1.84
rr28,ADA+ETH+TON,0.45,3,85.3,7.43,1.90,4.19,335,46.1,6.72,1.59
thr06,1000PEPE+ADA+APT,0.5,2,85.3,7.41,1.67,3.4,362,83.1,7.25,1.65
thr06,APT+ETH+LTC,0.45,2,85.2,7.08,1.77,3.79,370,45.1,7.6,1.47
rr28,BCH+HBAR+LTC,0.5,2,85.1,7.13,1.78,4.0,326,63.9,6.3,1.62
perpair,1000PEPE+HBAR+TON,0.5,2,85.1,5.81,1.75,3.76,333,55.8,7.32,1.51
perpair,BNB+LTC+TON,0.45,3,85.1,5.19,1.90,4.02,304,36.1,7.86,1.49
rr28,ADA+BCH+LTC,0.45,3,85.1,4.76,1.86,4.25,344,58.7,6.93,1.64
rr28,ADA+DOGE+TON,0.45,3,85.1,6.16,1.82,3.96,354,49.7,7.88,1.61
perpair,BCH+LTC+VET,0.5,3,85.1,6.63,1.78,3.69,350,64.1,7.8,1.62
rr28,BCH+DOGE+XRP,0.5,3,85.0,6.85,1.77,3.8,328,54.8,6.74,1.67
rr28,LTC+TON+XRP,0.45,2,85.0,6.27,1.85,4.24,343,36.0,5.19,1.49
default,APT+LTC+WLD,0.45,2,85.0,6.92,1.81,3.94,347,42.1,7.74,1.46
default,APT+BCH+TON,0.45,3,85.0,6.73,1.90,3.98,328,69.8,5.84,1.86
perpair,ADA+APT+WLD,0.45,3,85.0,5.4,1.77,3.93,375,60.2,7.61,1.58
rr28,APT+BCH+BNB,0.45,3,84.9,6.71,1.86,4.26,342,58.3,5.98,1.71
default,APT+BCH+BNB,0.5,3,84.9,7.25,1.74,3.61,334,70.0,6.25,1.75
default,APT+BNB+TON,0.45,3,84.8,7.12,1.77,3.91,351,53.1,7.82,1.64
perpair,BNB+ETH+LTC,0.45,2,84.8,7.25,1.88,3.92,298,41.8,7.37,1.55
rr28,APT+TON+XRP,0.45,2,84.8,6.38,1.90,4.27,330,49.2,7.28,1.66
rr28,BCH+BNB+TON,0.45,3,84.8,6.42,1.85,4.07,340,45.5,7.07,1.63
default,1000PEPE+APT+TON,0.45,2,84.8,6.02,1.89,4.08,322,64.9,6.13,1.78
thr06,DOGE+ETH+LTC,0.45,2,84.8,6.77,1.73,3.54,374,41.2,7.26,1.44
rr28,APT+TON+XRP,0.45,3,84.7,6.38,1.84,4.09,346,47.8,7.75,1.62
rr28,ETH+LTC+VET,0.45,2,84.7,6.0,1.88,4.32,353,34.4,6.99,1.45
rr28,BCH+ETH+SNX,0.45,2,84.6,5.23,2.03,4.47,304,64.1,5.19,1.79
perpair,1000PEPE+BCH+BNB,0.45,2,84.6,6.9,1.86,3.84,333,53.5,7.88,1.65
thr06,ETH+HBAR+SNX,0.5,2,84.5,7.82,1.63,3.49,362,64.0,7.84,1.47
rr28,APT+DOGE+VET,0.45,2,84.5,7.67,1.86,4.01,350,57.8,6.94,1.68
perpair,1000PEPE+ETH+HBAR,0.45,2,84.5,6.17,1.79,3.84,338,53.2,7.32,1.55
perpair,BCH+DOGE+LTC,0.45,2,84.5,6.13,1.86,3.86,334,56.5,7.19,1.62
default,APT+DOGE+ETH,0.5,2,84.5,6.24,1.80,3.75,308,65.9,7.77,1.74
perpair,APT+BCH+LTC,0.45,2,84.5,4.77,1.98,4.21,317,67.7,6.55,1.75
default,APT+BCH+DOGE,0.45,2,84.5,5.92,1.88,4.1,324,66.5,6.89,1.83
thr06,APT+BCH+BNB,0.45,2,84.4,7.29,1.77,3.83,367,63.4,6.8,1.66
thr06,BCH+TON+VET,0.45,2,84.3,7.15,1.76,3.87,385,57.1,7.87,1.61
rr28,BCH+BNB+LTC,0.45,2,84.3,5.87,1.87,4.23,338,41.8,7.04,1.53
perpair,DOGE+ETH+HBAR,0.45,2,84.2,7.4,1.74,3.67,346,50.6,6.1,1.52
rr28,BNB+ETH+LTC,0.45,2,84.2,7.71,1.83,4.05,344,29.8,7.3,1.40
perpair,APT+BNB+ENS,0.45,2,84.2,5.02,1.81,3.91,320,47.9,7.39,1.62
default,ADA+APT+DOGE,0.5,3,84.2,6.21,1.68,3.29,352,77.4,7.8,1.70
default,BNB+TON+XRP,0.45,3,84.1,7.97,1.75,3.69,344,28.4,6.72,1.39
rr28,BNB+DOGE+TON,0.45,2,84.1,6.27,1.83,3.93,349,34.1,7.75,1.49
perpair,ADA+ETH+LTC,0.45,2,84.1,6.34,1.88,3.89,311,57.1,6.02,1.64
perpair,ADA+BCH+LTC,0.5,2,84.1,6.95,1.84,3.93,312,65.7,6.84,1.63
perpair,BNB+DOGE+ENS,0.45,2,84.1,6.05,1.74,3.66,334,34.5,7.46,1.44
perpair,DOGE+LTC+XRP,0.45,2,84.0,5.49,1.77,3.64,330,44.5,5.7,1.52
perpair,ENS+LTC+TON,0.45,3,84.0,6.08,1.82,4.11,320,40.9,7.48,1.52
rr28,ETH+HBAR+LTC,0.5,2,84.0,6.86,1.79,4.01,324,42.6,6.13,1.45
rr28,BCH+DOGE+ETH,0.45,2,83.9,4.81,2.00,4.39,307,47.4,7.34,1.70
default,BNB+TON+XRP,0.45,2,83.9,7.48,1.79,3.8,334,28.3,6.43,1.40
rr28,ADA+BCH+LTC,0.45,2,83.9,4.94,1.89,4.4,330,56.1,5.77,1.64
rr28,APT+BCH+SNX,0.45,2,83.8,5.72,1.98,4.29,315,78.5,6.75,1.83
perpair,1000PEPE+ADA+DOGE,0.5,2,83.8,7.09,1.70,3.36,351,66.2,7.47,1.58
rr28,BCH+DOGE+XRP,0.5,2,83.8,6.85,1.78,3.79,323,53.9,6.3,1.68
default,APT+BNB+TON,0.45,2,83.8,6.26,1.81,4.0,336,51.3,7.62,1.63
rr28,APT+BNB+DOGE,0.45,2,83.8,5.42,1.80,3.97,347,49.0,5.69,1.61
rr28,DOGE+ETH+HBAR,0.5,3,83.7,6.51,1.75,3.89,329,46.9,7.06,1.50
default,APT+BCH+ETH,0.45,2,83.7,5.08,1.99,4.17,306,67.8,6.06,1.90
rr28,ADA+APT+TON,0.45,2,83.6,5.18,1.88,4.12,334,59.6,7.42,1.68
perpair,APT+ENS+HBAR,0.5,2,83.5,7.13,1.68,3.52,329,63.3,7.29,1.60
rr28,ADA+LTC+WLD,0.45,2,83.5,6.23,1.82,4.29,352,39.4,7.55,1.44
default,APT+BNB+ENS,0.45,2,83.4,6.41,1.71,3.61,358,53.3,7.18,1.62
rr28,ADA+APT+ETH,0.45,2,83.4,4.99,1.95,4.1,316,57.3,6.55,1.69
perpair,DOGE+VET+XRP,0.45,2,83.4,7.54,1.74,3.73,361,44.5,7.88,1.51
thr06,APT+DOGE+ETH,0.45,2,83.4,5.21,1.76,3.88,355,54.1,7.26,1.55
thr06,ADA+APT+WLD,0.5,2,83.4,6.56,1.63,3.5,375,74.5,7.53,1.60
perpair,APT+BCH+LTC,0.45,3,83.4,4.77,1.91,4.07,329,67.4,7.89,1.72
perpair,APT+VET+WLD,0.45,2,83.3,6.24,1.79,3.99,370,50.3,7.43,1.55
perpair,ADA+APT+BCH,0.45,2,83.3,5.43,1.91,4.17,332,77.6,7.58,1.80
rr28,1000PEPE+LTC+TON,0.45,3,83.3,5.33,1.80,4.12,359,45.3,7.28,1.55
thr06,ADA+APT+TON,0.5,2,83.3,6.78,1.61,3.49,375,77.4,7.6,1.63
perpair,ADA+BNB+DOGE,0.45,3,83.3,6.68,1.73,3.41,354,45.7,7.5,1.50
perpair,BCH+TON+VET,0.45,2,83.2,6.41,1.86,4.06,349,51.8,6.36,1.63
thr06,APT+SNX+TON,0.45,2,83.2,7.41,1.74,3.88,369,73.1,6.69,1.61
perpair,DOGE+ENS+HBAR,0.5,3,83.1,7.92,1.59,3.21,361,50.5,7.78,1.45
rr28,ADA+DOGE+ETH,0.45,3,83.0,6.46,1.85,3.79,338,47.2,7.66,1.59
default,APT+BCH+BNB,0.5,2,83.0,7.25,1.76,3.7,323,69.7,6.25,1.78
perpair,APT+ENS+LTC,0.45,2,83.0,4.86,1.86,3.94,313,54.4,7.73,1.66
rr28,APT+BCH+HBAR,0.5,2,83.0,7.85,1.80,3.98,318,75.7,7.5,1.72
rr28,BCH+BNB+SNX,0.45,3,83.0,6.79,1.85,4.08,334,60.0,7.91,1.66
perpair,ETH+HBAR+LTC,0.5,2,83.0,7.46,1.76,3.65,309,58.6,6.22,1.55
rr28,APT+ETH+XRP,0.45,3,83.0,6.48,1.87,4.03,330,45.4,6.62,1.60
rr40_sb20,DOGE+ETH+HBAR,0.45,3,83.0,7.15,1.71,3.41,329,49.1,7.47,1.51
rr28,SNX+TON+XRP,0.45,3,82.9,5.79,1.84,4.11,338,49.3,7.49,1.58
default,BCH+DOGE+ETH,0.45,2,82.9,5.46,1.96,4.1,304,44.8,7.34,1.65
perpair,ADA+APT+LTC,0.5,3,82.8,6.61,1.77,3.63,331,72.6,7.2,1.65
perpair,ADA+BCH+LTC,0.5,3,82.8,6.98,1.79,3.72,327,73.4,7.84,1.66
rr28,APT+DOGE+XRP,0.45,3,82.7,6.7,1.79,3.84,349,49.1,6.31,1.62
perpair,1000PEPE+ADA+APT,0.45,2,82.7,5.69,1.85,3.85,338,68.3,7.14,1.69
rr28,APT+ETH+XRP,0.45,2,82.7,5.98,1.90,4.12,321,44.9,6.5,1.63
rr28,ADA+LTC+XRP,0.5,2,82.7,5.73,1.71,3.85,342,45.0,7.44,1.48
rr28,BCH+DOGE+WLD,0.45,3,82.6,7.54,1.85,4.41,341,43.8,7.45,1.57
perpair,1000PEPE+ADA+ENS,0.5,2,82.6,7.43,1.70,3.4,332,63.2,7.61,1.60
rr28,ETH+LTC+XRP,0.45,2,82.5,5.94,1.85,4.09,331,28.6,6.55,1.40
rr28,ETH+TON+XRP,0.45,2,82.5,6.64,1.92,4.08,318,36.7,6.15,1.58
perpair,DOGE+ENS+LTC,0.45,2,82.5,7.64,1.76,3.61,331,45.3,6.96,1.52
perpair,DOGE+LTC+XRP,0.45,3,82.4,6.59,1.73,3.43,346,43.9,5.7,1.48
rr28,APT+ETH+HBAR,0.5,2,82.4,6.88,1.81,3.96,315,55.7,7.18,1.58
rr28,HBAR+LTC+TON,0.45,3,82.3,6.76,1.78,3.95,354,41.1,6.73,1.45
perpair,DOGE+HBAR+XRP,0.5,2,82.3,7.13,1.62,3.37,342,54.3,6.12,1.50
rr28,APT+BCH+VET,0.45,3,82.3,4.88,1.84,4.17,357,66.5,7.88,1.76
rr28,BCH+BNB+ETH,0.45,3,82.2,7.68,1.89,4.14,324,43.2,5.87,1.61
rr28,APT+ETH+VET,0.45,2,82.2,5.71,1.90,4.16,341,52.7,7.47,1.69
perpair,BNB+ETH+HBAR,0.45,2,82.1,7.87,1.78,3.91,316,41.6,7.5,1.49
rr28,BCH+BNB+DOGE,0.45,3,82.1,5.57,1.81,4.05,343,46.8,7.95,1.63
rr28,BCH+TON+VET,0.45,3,82.0,6.39,1.84,4.09,355,53.0,5.42,1.69
rr28,ETH+HBAR+TON,0.5,2,82.0,7.7,1.79,3.94,315,45.6,6.85,1.51
perpair,ADA+BCH+WLD,0.45,2,82.0,7.83,1.79,4.02,362,65.7,7.58,1.68
default,ADA+DOGE+LTC,0.45,3,82.0,6.72,1.72,3.49,361,46.7,7.05,1.48
rr28,ETH+TON+XRP,0.45,3,82.0,6.64,1.87,4.03,328,33.8,6.15,1.51
rr28,ADA+HBAR+LTC,0.5,2,82.0,6.81,1.71,3.81,338,60.0,7.18,1.53
rr28,ADA+APT+BNB,0.45,3,81.9,6.3,1.76,3.61,361,56.0,7.27,1.61
perpair,ENS+LTC+TON,0.45,2,81.9,6.08,1.84,4.1,306,41.5,7.48,1.54
rr28,ADA+APT+DOGE,0.45,2,81.9,4.96,1.86,3.94,328,60.3,6.88,1.68
rr28,BCH+SNX+WLD,0.45,2,81.8,7.44,1.91,4.4,325,56.6,7.95,1.63
rr28,DOGE+TON+XRP,0.45,3,81.8,6.75,1.79,3.86,347,37.1,5.25,1.54
perpair,ADA+ETH+HBAR,0.45,3,81.8,6.87,1.75,3.67,343,60.4,7.75,1.57
perpair,1000PEPE+ADA+APT,0.45,3,81.8,6.01,1.77,3.58,365,70.2,7.63,1.68
perpair,1000PEPE+ADA+BCH,0.45,3,81.8,7.43,1.79,3.74,361,70.8,7.65,1.69
perpair,BCH+HBAR+TON,0.45,3,81.8,6.63,1.83,3.89,334,55.1,6.31,1.58
rr28,APT+BCH+VET,0.45,2,81.7,4.88,1.87,4.15,345,70.5,7.42,1.84
default,BCH+BNB+TON,0.45,3,81.7,6.75,1.81,3.78,331,44.0,6.76,1.59
default,BCH+ETH+VET,0.5,2,81.7,6.46,1.82,3.65,326,53.6,6.32,1.65
default,1000PEPE+BCH+TON,0.5,2,81.6,6.48,1.80,3.68,315,63.4,7.65,1.76
rr28,BCH+BNB+VET,0.5,2,81.6,5.99,1.74,3.77,351,46.6,7.89,1.53
default,ADA+APT+LTC,0.45,3,81.5,6.09,1.75,3.66,359,67.5,6.42,1.63
perpair,ETH+HBAR+WLD,0.45,2,81.5,7.86,1.73,3.71,352,43.6,7.83,1.46
default,APT+DOGE+XRP,0.45,3,81.4,7.07,1.74,3.72,346,48.5,6.31,1.60
rr28,APT+DOGE+ETH,0.45,2,81.4,5.95,1.92,4.18,313,52.7,7.02,1.70
perpair,APT+BCH+HBAR,0.45,2,81.4,7.61,1.86,4.01,333,68.3,6.88,1.69
rr40_sb20,APT+BNB+VET,0.45,2,81.4,6.47,1.66,3.21,358,52.0,7.83,1.55
default,ETH+VET+XRP,0.45,2,81.4,6.03,1.83,3.68,333,32.8,7.85,1.47
perpair,1000PEPE+LTC+TON,0.45,3,81.3,7.2,1.82,3.9,335,47.5,6.18,1.55
thr06,BCH+DOGE+VET,0.45,2,81.3,7.26,1.75,3.52,388,49.2,6.6,1.51
rr28,BNB+ETH+VET,0.45,3,81.3,7.93,1.77,3.72,366,34.4,7.32,1.46
rr28,BNB+SNX+TON,0.45,2,81.3,6.3,1.81,4.04,343,46.0,7.02,1.54
rr28,APT+BCH+BNB,0.45,2,81.2,6.71,1.86,4.26,332,57.5,5.98,1.72
rr28,BCH+BNB+DOGE,0.45,2,81.2,5.57,1.84,4.17,332,43.4,7.95,1.60
rr28,ADA+BNB+TON,0.45,3,81.2,5.99,1.76,3.91,359,43.5,7.01,1.53
rr28,SNX+TON+XRP,0.45,2,81.1,5.79,1.85,4.12,331,48.6,6.81,1.59
default,ADA+DOGE+ETH,0.45,3,81.0,6.4,1.79,3.38,335,47.1,7.38,1.55
rr28,BNB+DOGE+VET,0.45,3,81.0,7.77,1.71,3.62,385,37.8,7.79,1.48
rr40_sb20,APT+DOGE+ETH,0.45,2,81.0,7.27,1.82,3.41,311,57.8,7.25,1.63
perpair,BCH+DOGE+VET,0.45,2,81.0,6.19,1.78,3.68,375,50.3,6.54,1.56
perpair,ETH+HBAR+VET,0.45,2,80.9,5.67,1.76,3.88,349,50.5,6.97,1.54
perpair,ADA+LTC+XRP,0.5,2,80.9,7.86,1.74,3.57,309,55.6,7.19,1.58
rr28,BNB+ETH+SNX,0.45,2,80.9,5.72,1.86,4.0,324,46.1,7.17,1.55
rr28,BCH+DOGE+HBAR,0.5,2,80.8,6.62,1.76,3.94,318,64.3,5.25,1.67
default,APT+DOGE+XRP,0.45,2,80.8,6.51,1.76,3.89,333,48.6,5.94,1.63
thr06,DOGE+ETH+VET,0.45,2,80.8,6.94,1.72,3.47,374,46.0,7.57,1.50
rr28,1000PEPE+BCH+TON,0.5,3,80.8,7.3,1.77,3.7,328,67.5,7.88,1.78
perpair,ADA+APT+WLD,0.45,2,80.8,4.75,1.80,3.98,351,61.5,7.61,1.64
perpair,DOGE+ENS+HBAR,0.5,2,80.8,7.98,1.62,3.28,338,50.8,7.71,1.47
rr28,APT+DOGE+XRP,0.45,2,80.7,6.14,1.80,3.96,336,47.9,5.81,1.63
default,ADA+BCH+LTC,0.45,2,80.7,7.86,1.86,3.91,322,53.7,7.05,1.60
rr28,ETH+SNX+XRP,0.45,3,80.7,6.35,1.87,4.02,322,46.9,7.76,1.56
rr28,BCH+BNB+SNX,0.45,2,80.7,6.83,1.88,4.05,325,58.2,6.66,1.67
perpair,BCH+LTC+WLD,0.45,3,80.6,7.05,1.80,3.83,349,52.7,7.93,1.55
perpair,APT+LTC+WLD,0.45,2,80.6,5.75,1.83,3.98,338,50.9,7.76,1.56
default,ADA+APT+ETH,0.45,3,80.5,5.93,1.82,3.52,333,68.1,7.69,1.73
perpair,1000PEPE+BNB+SNX,0.45,2,80.5,6.89,1.74,3.66,343,58.3,7.28,1.58
perpair,APT+LTC+WLD,0.45,3,80.3,5.97,1.78,3.91,353,52.1,7.3,1.55
rr40_sb20,APT+BCH+VET,0.45,2,80.3,6.23,1.77,3.39,341,77.2,7.69,1.78
default,ADA+BCH+DOGE,0.5,3,80.2,7.95,1.71,3.38,332,66.0,7.13,1.67
default,BCH+DOGE+HBAR,0.55,2,80.1,7.26,1.65,3.43,314,63.8,6.08,1.60
rr28,APT+BCH+HBAR,0.5,3,80.0,7.85,1.75,3.87,325,77.9,7.97,1.72
thr06,BCH+DOGE+HBAR,0.5,2,80.0,7.83,1.62,3.42,370,61.9,6.39,1.50
perpair,ADA+APT+BNB,0.45,2,80.0,4.68,1.83,3.78,320,55.2,6.56,1.65
perpair,1000PEPE+ADA+BNB,0.5,2,80.0,6.79,1.69,3.44,331,61.1,7.38,1.62
rr28,ADA+BNB+LTC,0.45,2,80.0,7.07,1.76,3.94,353,38.4,7.23,1.45
rr28,ADA+ETH+TON,0.45,2,79.9,5.81,1.89,4.2,321,42.7,6.72,1.55
thr06,ETH+LTC+VET,0.45,2,79.9,7.31,1.71,3.45,393,38.2,7.6,1.41
rr28,1000PEPE+APT+TON,0.45,2,79.9,6.18,1.86,4.16,328,57.5,5.58,1.72
rr28,ADA+APT+BNB,0.45,2,79.9,5.2,1.81,3.76,340,55.5,6.77,1.63
default,DOGE+ETH+HBAR,0.5,3,79.9,6.67,1.69,3.5,325,45.1,7.7,1.46
default,ADA+DOGE+LTC,0.45,2,79.8,6.92,1.77,3.73,331,45.4,7.91,1.49
rr28,APT+HBAR+LTC,0.45,2,79.8,6.04,1.79,4.03,341,55.2,7.78,1.57
rr28,BNB+ENS+HBAR,0.45,2,79.8,7.57,1.69,3.61,363,37.5,6.84,1.43
rr28,ETH+HBAR+LTC,0.45,3,79.7,6.04,1.81,4.13,338,38.8,5.79,1.44
rr28,BCH+ETH+VET,0.45,3,79.7,5.23,1.87,4.2,339,50.6,5.33,1.67
rr28,BCH+BNB+ETH,0.45,2,79.6,7.68,1.88,4.13,319,40.7,5.25,1.59
rr28,DOGE+HBAR+LTC,0.45,3,79.6,5.97,1.73,3.9,357,42.3,6.69,1.46
default,1000PEPE+DOGE+TON,0.45,3,79.5,6.56,1.74,3.65,346,45.4,7.35,1.58
rr28,BCH+DOGE+VET,0.45,3,79.5,6.42,1.79,3.9,358,54.4,6.09,1.69
rr28,DOGE+HBAR+XRP,0.55,3,79.4,7.75,1.59,3.34,338,51.3,7.91,1.48
rr40_sb20,1000PEPE+APT+BCH,0.45,2,79.4,6.36,1.79,3.4,319,73.3,7.06,1.79
perpair,1000PEPE+ADA+DOGE,0.45,3,79.4,6.79,1.68,3.22,385,58.0,6.59,1.55
perpair,ADA+BCH+DOGE,0.45,2,79.4,7.27,1.77,3.73,353,57.5,6.07,1.59
default,APT+LTC+VET,0.45,3,79.4,7.07,1.70,3.5,380,56.4,7.94,1.57
default,ADA+BCH+DOGE,0.5,2,79.3,7.95,1.74,3.5,319,62.0,7.13,1.69
default,APT+BCH+SNX,0.45,2,79.3,6.65,1.91,3.89,311,80.4,7.81,1.85
perpair,ADA+BNB+LTC,0.5,3,79.3,7.23,1.73,3.46,310,52.2,7.36,1.54
rr28,DOGE+TON+XRP,0.45,2,79.2,5.5,1.81,3.9,332,38.6,5.25,1.58
thr06,ETH+HBAR+SNX,0.45,3,79.2,7.06,1.64,3.46,382,59.2,6.71,1.46
rr40_sb20,BCH+ETH+HBAR,0.45,3,79.2,7.49,1.77,3.47,308,66.1,7.18,1.69
rr28,ADA+ETH+WLD,0.45,3,79.2,7.29,1.83,4.02,341,38.3,7.83,1.46
rr28,ETH+TON+VET,0.45,2,79.2,4.64,1.87,4.24,339,39.9,6.18,1.57
rr28,BNB+ETH+HBAR,0.5,3,79.0,7.49,1.69,3.51,334,40.3,6.04,1.44
default,1000PEPE+APT+TON,0.45,3,79.0,6.02,1.77,3.78,344,66.2,6.58,1.77
rr28,DOGE+LTC+XRP,0.45,2,79.0,5.87,1.77,3.85,345,34.8,6.05,1.47
rr28,ETH+SNX+XRP,0.45,2,78.9,6.35,1.88,4.06,312,45.7,6.86,1.57
default,ADA+ETH+TON,0.45,2,78.9,7.8,1.85,3.9,315,46.8,7.58,1.57
rr28,ADA+BNB+DOGE,0.45,3,78.9,6.74,1.71,3.5,362,44.6,7.88,1.53
perpair,BCH+HBAR+SNX,0.45,2,78.8,7.15,1.78,3.75,340,72.5,7.92,1.62
rr28,BCH+BNB+TON,0.45,2,78.8,6.12,1.82,4.05,330,44.5,7.07,1.63
thr06,ADA+APT+BCH,0.45,3,78.8,6.54,1.68,3.54,382,78.2,6.98,1.69
perpair,1000PEPE+ADA+BNB,0.45,3,78.6,6.13,1.74,3.46,344,51.8,7.25,1.58
default,1000PEPE+BCH+ETH,0.45,2,78.5,6.81,1.94,3.83,300,57.4,6.85,1.81
default,BCH+TON+VET,0.5,2,78.5,5.66,1.74,3.53,334,54.4,7.63,1.64
rr28,APT+BNB+XRP,0.45,2,78.4,5.89,1.77,3.8,342,44.2,7.08,1.57
default,BCH+DOGE+WLD,0.45,3,78.4,7.17,1.79,3.95,337,39.9,7.84,1.51
default,1000PEPE+APT+BCH,0.5,3,78.4,6.44,1.73,3.44,327,86.3,7.67,1.89
rr28,1000PEPE+APT+TON,0.45,3,78.3,6.18,1.79,3.95,349,60.1,6.03,1.72
perpair,1000PEPE+BCH+VET,0.45,2,78.2,7.12,1.79,3.81,364,65.1,7.59,1.73
perpair,BCH+BNB+VET,0.45,2,78.2,5.4,1.80,3.82,343,50.1,7.46,1.62
default,APT+BCH+DOGE,0.45,3,78.2,5.92,1.80,3.83,333,66.6,7.55,1.80
perpair,BNB+DOGE+VET,0.45,2,78.1,5.2,1.73,3.64,356,40.0,6.98,1.47
perpair,1000PEPE+ADA+TON,0.45,2,78.0,6.69,1.78,3.78,339,56.3,7.29,1.61
rr28,BNB+TON+XRP,0.45,3,78.0,6.59,1.73,3.72,352,31.3,6.62,1.45
rr28,BCH+ETH+HBAR,0.5,2,78.0,6.79,1.80,4.0,303,59.9,5.98,1.67
rr28,BCH+HBAR+SNX,0.5,2,78.0,6.01,1.77,3.71,311,80.6,7.83,1.68
perpair,APT+LTC+SNX,0.45,2,78.0,6.49,1.81,3.75,326,68.0,7.67,1.64
rr28,ETH+HBAR+XRP,0.55,2,77.9,7.37,1.66,3.51,312,47.4,7.68,1.48
thr06,APT+DOGE+VET,0.45,2,77.9,7.56,1.67,3.52,393,62.5,6.39,1.58
rr28,DOGE+HBAR+LTC,0.45,2,77.8,5.86,1.77,3.96,336,41.5,6.2,1.46
rr28,1000PEPE+ADA+APT,0.5,2,77.8,5.25,1.74,3.53,323,80.9,7.9,1.75
rr40_sb20,APT+BCH+DOGE,0.45,3,77.7,7.12,1.72,3.28,336,67.2,7.19,1.68
default,BCH+DOGE+XRP,0.45,3,77.7,6.97,1.78,3.72,326,39.7,7.04,1.55
perpair,BCH+LTC+VET,0.5,2,77.7,6.1,1.76,3.58,337,63.8,6.91,1.65
thr06,ADA+APT+TON,0.45,3,77.7,6.17,1.61,3.52,399,67.8,7.48,1.60
perpair,APT+BCH+HBAR,0.45,3,77.7,7.61,1.79,3.84,342,69.5,7.34,1.68
rr28,BCH+DOGE+VET,0.45,2,77.6,5.29,1.83,4.02,345,46.6,5.31,1.62
default,APT+HBAR+LTC,0.5,2,77.5,7.53,1.66,3.39,332,70.1,7.1,1.60
default,BCH+BNB+TON,0.45,2,77.5,6.24,1.81,3.8,320,41.5,7.66,1.57
rr28,ADA+DOGE+ETH,0.45,2,77.5,6.46,1.86,3.93,311,44.5,6.65,1.58
rr28,DOGE+HBAR+XRP,0.55,2,77.4,7.19,1.58,3.39,328,54.0,6.57,1.52
rr28,BCH+ETH+HBAR,0.5,3,77.4,6.79,1.79,3.97,307,59.1,5.98,1.63
thr06,APT+BNB+VET,0.45,2,77.4,7.14,1.65,3.32,398,51.8,7.2,1.53
rr28,ADA+BCH+DOGE,0.45,3,77.4,6.91,1.81,3.91,335,62.0,6.6,1.73
default,ETH+SNX+VET,0.45,2,77.3,7.42,1.83,3.82,331,49.7,7.75,1.55
default,APT+BNB+XRP,0.45,2,77.3,6.2,1.73,3.63,333,45.5,6.34,1.58
default,ADA+APT+BNB,0.5,2,77.3,6.41,1.67,3.21,330,72.7,7.14,1.69
perpair,DOGE+HBAR+XRP,0.45,3,77.3,6.44,1.64,3.4,359,45.3,6.78,1.46
thr06,ADA+APT+DOGE,0.45,3,77.2,7.09,1.59,3.27,406,65.1,7.89,1.56
rr28,BCH+DOGE+HBAR,0.5,3,77.2,6.62,1.71,3.78,326,63.5,5.48,1.65
rr28,HBAR+LTC+TON,0.45,2,77.2,6.22,1.78,3.91,341,41.0,6.73,1.46
default,APT+BNB+XRP,0.45,3,77.2,7.23,1.69,3.44,347,44.1,6.84,1.54
perpair,BCH+HBAR+TON,0.45,2,77.1,6.63,1.82,3.79,324,50.4,7.25,1.54
rr28,1000PEPE+ETH+HBAR,0.6,2,77.1,6.92,1.63,3.17,306,63.4,7.36,1.54
rr28,BCH+TON+VET,0.45,2,77.1,5.87,1.83,4.11,341,51.8,5.14,1.70
perpair,1000PEPE+ADA+BCH,0.45,2,77.1,7.43,1.79,3.79,342,67.2,7.48,1.68
rr40_sb20,APT+BCH+VET,0.45,3,77.0,6.44,1.71,3.28,354,74.2,7.83,1.73
rr40_sb20,BCH+ETH+HBAR,0.45,2,77.0,7.49,1.77,3.42,303,65.4,7.18,1.71
default,APT+BNB+ETH,0.45,2,77.0,5.87,1.81,3.63,319,47.3,7.94,1.60
default,BCH+DOGE+XRP,0.45,2,76.8,6.97,1.79,3.73,320,40.1,7.05,1.57
default,APT+BCH+XRP,0.45,2,76.8,6.05,1.83,3.9,317,61.7,7.28,1.83
default,ADA+APT+TON,0.45,2,76.8,5.58,1.80,3.79,327,71.6,7.85,1.78
rr28,APT+DOGE+HBAR,0.45,2,76.7,7.1,1.78,4.0,327,57.3,5.17,1.63
perpair,BNB+LTC+TON,0.45,2,76.7,5.69,1.86,3.79,294,36.1,7.86,1.50
rr28,DOGE+ETH+HBAR,0.5,2,76.6,5.97,1.74,3.78,313,45.1,6.4,1.50
rr28,ADA+ETH+VET,0.45,3,76.6,6.25,1.77,3.63,358,48.3,7.63,1.56
rr28,BCH+ETH+VET,0.45,2,76.6,4.76,1.87,4.22,331,48.5,5.87,1.67
perpair,ETH+HBAR+LTC,0.45,3,76.6,6.34,1.76,3.73,321,52.4,5.61,1.54
rr28,APT+BCH+BTC,0.5,2,76.6,7.56,1.73,3.79,307,55.1,7.55,1.64
perpair,ADA+LTC+TON,0.45,3,76.5,5.89,1.81,3.99,323,49.8,7.81,1.56
rr28,ETH+VET+XRP,0.45,2,76.5,5.5,1.81,3.77,338,34.4,7.6,1.50
default,BCH+DOGE+HBAR,0.55,3,76.4,7.26,1.61,3.29,322,64.2,6.66,1.58
default,APT+LTC+VET,0.45,2,76.4,6.57,1.74,3.51,357,53.4,7.48,1.58
rr28,ADA+ETH+WLD,0.45,2,76.3,7.12,1.85,4.06,326,37.0,7.83,1.48
perpair,APT+DOGE+HBAR,0.45,3,76.3,6.39,1.68,3.6,366,57.0,7.98,1.54
rr28,ADA+BCH+DOGE,0.45,2,76.3,6.91,1.84,4.02,324,58.2,6.6,1.74
perpair,ETH+LTC+VET,0.45,2,76.3,6.73,1.80,3.59,332,48.5,5.82,1.58
perpair,APT+DOGE+HBAR,0.45,2,76.3,6.02,1.72,3.77,344,58.8,5.99,1.59
rr28,BNB+DOGE+SNX,0.45,2,76.3,7.31,1.75,3.67,343,49.9,7.71,1.56
default,1000PEPE+BCH+ETH,0.45,3,76.2,6.81,1.86,3.65,310,53.6,7.74,1.72
rr28,BCH+DOGE+WLD,0.45,2,76.2,7.54,1.83,4.25,331,42.3,6.98,1.57
perpair,BCH+LTC+WLD,0.45,2,76.2,7.05,1.78,3.79,341,52.3,7.46,1.58
default,1000PEPE+BCH+TON,0.45,3,76.0,6.59,1.81,3.74,324,56.3,6.95,1.74
default,ADA+APT+ETH,0.45,2,76.0,5.94,1.86,3.6,309,65.5,6.81,1.75
rr28,BCH+VET+WLD,0.45,3,76.0,5.44,1.77,3.93,361,45.0,7.19,1.55
rr28,BNB+ETH+XRP,0.45,3,76.0,7.89,1.75,3.47,336,29.2,7.62,1.43
perpair,BCH+DOGE+HBAR,0.45,2,76.0,6.57,1.73,3.66,348,58.4,5.59,1.58
perpair,BCH+DOGE+HBAR,0.45,3,75.8,7.03,1.70,3.51,362,57.6,6.78,1.55
rr28,BNB+DOGE+VET,0.45,2,75.8,7.65,1.75,3.61,362,37.2,7.32,1.48
rr28,BNB+DOGE+XRP,0.45,3,75.8,6.23,1.69,3.4,355,32.4,7.59,1.45
rr28,SNX+TON+VET,0.45,2,75.8,5.94,1.79,3.95,348,55.8,7.14,1.61
perpair,ADA+LTC+WLD,0.5,2,75.8,7.52,1.69,3.58,332,57.7,7.93,1.53
perpair,SNX+TON+VET,0.45,2,75.8,6.56,1.74,3.73,354,55.0,7.87,1.54
default,ADA+DOGE+ETH,0.45,2,75.8,6.3,1.81,3.54,308,45.2,6.53,1.56
thr06,ADA+APT+BCH,0.45,2,75.8,7.19,1.71,3.57,359,81.8,6.98,1.75
rr28,APT+ETH+HBAR,0.45,3,75.8,6.21,1.81,3.98,328,52.8,6.47,1.59
rr28,1000PEPE+ETH+TON,0.45,3,75.7,5.12,1.82,3.85,331,44.8,6.37,1.63
rr28,HBAR+SNX+TON,0.45,3,75.7,5.56,1.77,3.86,336,56.6,7.04,1.56
rr28,BNB+TON+XRP,0.45,2,75.7,6.11,1.75,3.75,343,31.4,6.14,1.46
rr28,ADA+DOGE+TON,0.45,2,75.6,7.01,1.77,3.84,336,47.6,7.94,1.60
rr28,1000PEPE+DOGE+TON,0.45,2,75.6,4.61,1.82,3.93,328,49.4,6.54,1.67
thr06,ADA+APT+BNB,0.45,2,75.6,6.11,1.62,3.26,375,60.9,7.96,1.57
rr28,DOGE+ETH+XRP,0.45,2,75.6,6.11,1.81,3.79,316,34.3,7.81,1.53
rr28,BCH+BNB+VET,0.45,3,75.6,5.4,1.73,3.79,363,48.1,5.83,1.60
thr06,ADA+APT+WLD,0.45,3,75.5,6.52,1.59,3.42,406,62.2,7.6,1.53
rr28,APT+DOGE+HBAR,0.45,3,75.5,7.1,1.73,3.77,347,56.6,6.44,1.60
perpair,ADA+BNB+LTC,0.5,2,75.5,7.23,1.73,3.45,299,50.5,7.06,1.55
rr28,1000PEPE+APT+ETH,0.45,2,75.5,4.97,1.89,3.89,312,59.7,7.81,1.76
rr28,1000PEPE+DOGE+TON,0.45,3,75.5,6.56,1.74,3.7,350,48.4,6.86,1.65
rr28,1000PEPE+HBAR+TON,0.55,2,75.5,7.61,1.63,3.44,324,65.0,7.42,1.58
perpair,1000PEPE+HBAR+TON,0.45,3,75.4,6.91,1.72,3.69,348,49.5,7.54,1.52
rr28,ADA+BNB+TON,0.45,2,75.4,6.0,1.75,3.86,346,43.6,6.91,1.55
perpair,BNB+ENS+LTC,0.45,2,75.4,7.54,1.75,3.68,302,37.5,7.94,1.52
rr28,BCH+VET+WLD,0.45,2,75.3,5.44,1.79,4.0,352,43.3,7.6,1.55
perpair,APT+ENS+HBAR,0.45,3,75.3,6.42,1.68,3.5,341,55.7,7.56,1.58
perpair,APT+HBAR+LTC,0.5,2,75.3,6.63,1.74,3.7,307,68.4,7.44,1.64
default,BCH+ETH+VET,0.45,3,75.3,5.82,1.82,3.7,334,47.8,6.79,1.62
thr06,APT+BNB+DOGE,0.45,2,75.1,7.74,1.63,3.32,380,49.0,7.38,1.48
rr28,ETH+HBAR+TON,0.45,3,75.0,6.99,1.80,4.03,326,40.4,6.71,1.51
rr28,APT+BCH+XRP,0.45,2,74.8,6.22,1.83,4.16,320,62.3,7.28,1.83
perpair,1000PEPE+ADA+LTC,0.5,2,74.8,6.7,1.71,3.53,317,66.2,7.48,1.61
default,APT+BNB+LTC,0.45,2,74.8,7.11,1.71,3.54,343,50.4,7.93,1.57
default,BCH+TON+VET,0.45,3,74.8,5.59,1.76,3.59,348,50.5,7.2,1.64
rr28,BCH+HBAR+LTC,0.45,3,74.6,6.74,1.76,3.96,335,52.7,6.63,1.56
rr28,DOGE+HBAR+TON,0.45,2,74.5,6.17,1.76,3.91,330,45.0,7.51,1.55
thr06,1000PEPE+ADA+APT,0.45,2,74.5,6.69,1.67,3.4,362,72.6,6.54,1.66
perpair,ADA+DOGE+ENS,0.45,2,74.4,7.92,1.67,3.26,346,49.0,7.46,1.52
perpair,1000PEPE+HBAR+TON,0.45,2,74.3,5.24,1.75,3.76,333,49.2,6.59,1.52
rr28,BCH+HBAR+LTC,0.45,2,74.3,6.44,1.78,4.0,326,56.1,5.68,1.62
perpair,BCH+LTC+VET,0.45,3,74.3,5.99,1.77,3.69,350,56.4,7.04,1.63
perpair,APT+LTC+VET,0.45,3,74.2,6.56,1.75,3.65,354,55.8,7.85,1.62
rr28,BCH+DOGE+XRP,0.45,3,74.2,6.18,1.78,3.8,328,48.3,6.08,1.67
default,APT+BCH+BNB,0.45,3,74.1,6.54,1.74,3.61,334,61.4,5.64,1.75
rr28,ADA+BCH+WLD,0.45,3,74.1,7.84,1.78,4.12,338,52.2,7.5,1.60
perpair,ADA+LTC+TON,0.45,2,74.1,5.09,1.83,3.98,307,47.1,7.31,1.56
rr28,1000PEPE+BCH+TON,0.5,2,74.0,6.66,1.74,3.66,319,66.8,7.93,1.79
rr28,ADA+ETH+HBAR,0.5,3,74.0,6.91,1.69,3.44,326,56.5,7.65,1.53
default,ADA+APT+LTC,0.45,2,74.0,6.09,1.76,3.63,333,63.0,7.87,1.64
rr40_sb20,1000PEPE+APT+BCH,0.45,3,73.9,6.64,1.70,3.13,334,70.3,7.48,1.74
perpair,ADA+BNB+WLD,0.45,2,73.9,6.32,1.71,3.83,343,44.5,7.61,1.52
perpair,BNB+HBAR+SNX,0.45,3,73.9,6.38,1.69,3.52,333,53.0,7.72,1.49
perpair,BNB+LTC+WLD,0.45,2,73.9,5.29,1.75,3.83,322,36.0,7.72,1.45
thr06,ETH+HBAR+SNX,0.45,2,73.8,7.06,1.64,3.49,362,56.3,7.07,1.47
default,1000PEPE+ADA+APT,0.5,2,73.8,5.25,1.67,3.31,321,88.1,7.54,1.80
default,APT+DOGE+ETH,0.45,2,73.8,5.62,1.80,3.75,308,57.9,7.02,1.74
rr28,ETH+HBAR+SNX,0.45,3,73.7,5.27,1.80,3.96,320,54.1,7.89,1.55
rr40_sb20,DOGE+ETH+HBAR,0.45,2,73.7,7.48,1.68,3.2,314,46.1,7.4,1.49
rr28,ETH+VET+XRP,0.45,3,73.7,6.08,1.74,3.56,351,35.8,7.6,1.49
rr28,1000PEPE+BNB+TON,0.5,2,73.5,7.06,1.65,3.36,342,48.4,7.5,1.58
default,ADA+APT+DOGE,0.45,3,73.5,5.6,1.68,3.29,352,67.8,7.03,1.70
perpair,ADA+ETH+HBAR,0.45,2,73.5,6.92,1.73,3.46,326,56.6,7.75,1.58
perpair,ADA+BCH+LTC,0.45,2,73.4,6.27,1.84,3.93,312,57.8,6.18,1.63
rr28,ETH+SNX+VET,0.45,2,73.4,7.75,1.81,3.9,336,51.9,7.31,1.59
rr28,ETH+HBAR+LTC,0.45,2,73.3,6.2,1.79,4.01,324,37.8,5.53,1.45
perpair,1000PEPE+ADA+DOGE,0.45,2,73.2,6.4,1.70,3.36,351,58.2,6.74,1.58
perpair,ADA+LTC+XRP,0.45,3,73.2,7.32,1.72,3.39,324,51.5,7.59,1.57
rr28,BCH+DOGE+XRP,0.45,2,73.1,6.18,1.79,3.79,323,47.5,5.68,1.68
rr28,DOGE+ETH+HBAR,0.45,3,73.1,5.87,1.76,3.89,329,41.5,6.37,1.51
perpair,APT+ENS+HBAR,0.45,2,72.9,6.42,1.69,3.52,329,55.6,6.58,1.61
thr06,BCH+DOGE+HBAR,0.45,3,72.9,7.53,1.60,3.31,390,56.5,6.92,1.50
thr06,ADA+APT+WLD,0.45,2,72.9,5.92,1.63,3.51,375,65.3,6.8,1.61
thr06,ADA+APT+TON,0.45,2,72.8,6.12,1.61,3.49,375,67.8,6.85,1.64
rr28,1000PEPE+ADA+ETH,0.5,2,72.7,6.64,1.75,3.45,308,62.9,7.9,1.69
perpair,1000PEPE+BCH+HBAR,0.45,2,72.6,7.49,1.74,3.75,337,63.3,6.85,1.63
perpair,DOGE+ENS+HBAR,0.45,3,72.6,7.14,1.60,3.21,361,44.7,7.02,1.46
default,APT+BNB+DOGE,0.45,2,72.6,7.56,1.68,3.44,335,49.6,6.04,1.59
default,APT+BCH+BNB,0.45,2,72.5,6.54,1.76,3.7,323,61.2,5.64,1.77
perpair,ETH+HBAR+LTC,0.45,2,72.5,6.74,1.76,3.65,309,51.6,5.61,1.56
rr28,APT+BCH+HBAR,0.45,2,72.5,7.09,1.81,3.98,318,66.3,6.77,1.73
thr06,1000PEPE+ADA+APT,0.45,3,72.4,7.4,1.59,3.12,396,72.2,7.03,1.62
perpair,ADA+APT+LTC,0.45,3,72.3,5.97,1.77,3.63,331,63.6,6.5,1.66
rr28,BNB+TON+VET,0.45,2,72.3,4.88,1.69,3.65,367,36.5,7.94,1.50
perpair,ADA+BCH+LTC,0.45,3,72.3,6.3,1.78,3.72,327,64.3,7.08,1.67
rr28,ADA+LTC+XRP,0.45,2,72.2,5.17,1.72,3.85,342,39.8,6.71,1.48
perpair,1000PEPE+ADA+ENS,0.45,2,72.2,6.7,1.70,3.4,332,55.6,6.87,1.61
rr28,ADA+BCH+WLD,0.45,2,72.2,7.84,1.79,4.12,331,56.0,6.89,1.67
rr28,BCH+WLD+XRP,0.45,2,72.1,7.84,1.79,4.19,326,39.0,7.4,1.55
default,1000PEPE+APT+BCH,0.45,2,72.1,5.36,1.80,3.65,315,77.4,7.6,1.94
perpair,DOGE+HBAR+XRP,0.45,2,72.0,6.44,1.63,3.37,342,47.9,5.52,1.50
rr28,APT+ETH+HBAR,0.45,2,72.0,6.21,1.81,3.97,315,49.1,6.47,1.58
rr28,1000PEPE+BNB+TON,0.45,3,71.8,6.99,1.69,3.51,355,42.2,7.74,1.56
rr28,HBAR+LTC+WLD,0.45,2,71.7,6.75,1.70,3.69,346,30.4,7.37,1.34
rr28,ETH+HBAR+TON,0.45,2,71.6,6.95,1.80,3.94,315,40.4,6.18,1.52
rr28,ADA+HBAR+LTC,0.45,2,71.6,6.15,1.72,3.81,338,52.8,6.46,1.53
perpair,1000PEPE+BCH+HBAR,0.45,3,71.6,7.49,1.70,3.59,352,64.1,7.32,1.62
rr28,1000PEPE+BCH+DOGE,0.45,2,71.4,5.19,1.84,3.81,313,58.2,7.97,1.78
rr28,BNB+DOGE+XRP,0.45,2,71.4,6.23,1.69,3.38,343,34.2,7.59,1.49
rr28,ADA+ETH+XRP,0.45,3,71.4,7.44,1.75,3.39,328,42.7,7.43,1.54
default,BCH+ETH+VET,0.45,2,71.4,5.82,1.81,3.65,326,47.3,5.7,1.65
rr28,1000PEPE+ETH+HBAR,0.55,3,71.3,6.36,1.60,3.2,322,61.9,7.69,1.55
default,1000PEPE+BCH+TON,0.45,2,71.3,5.85,1.80,3.68,315,55.8,6.9,1.76
rr28,BCH+BNB+VET,0.45,2,71.3,5.4,1.74,3.77,351,41.2,7.1,1.53
default,1000PEPE+ADA+ETH,0.45,3,71.0,7.81,1.73,3.17,329,55.0,7.81,1.63
default,BCH+DOGE+HBAR,0.5,2,70.9,6.62,1.65,3.43,314,56.8,5.54,1.60
default,ADA+APT+DOGE,0.45,2,70.9,4.85,1.72,3.49,323,66.6,7.31,1.72
perpair,BCH+HBAR+VET,0.5,2,70.9,7.51,1.65,3.23,352,62.0,7.5,1.58
perpair,1000PEPE+DOGE+LTC,0.45,2,70.8,7.09,1.71,3.4,335,51.7,7.66,1.56
rr28,1000PEPE+TON+WLD,0.45,2,70.8,5.64,1.75,3.83,339,40.1,7.22,1.53
perpair,ADA+LTC+XRP,0.45,2,70.7,7.1,1.74,3.57,309,49.0,6.49,1.58
default,1000PEPE+ADA+ETH,0.45,2,70.6,7.25,1.78,3.4,306,55.1,7.28,1.67
perpair,DOGE+ENS+HBAR,0.45,2,70.6,7.2,1.63,3.28,338,44.9,6.96,1.47
rr28,BCH+DOGE+HBAR,0.45,2,70.6,5.97,1.77,3.94,318,56.5,4.74,1.68
rr28,ETH+HBAR+XRP,0.5,3,70.6,6.83,1.66,3.5,319,42.0,7.49,1.46
rr28,ADA+ETH+VET,0.45,2,70.6,6.76,1.77,3.63,339,43.5,7.59,1.54
rr28,1000PEPE+BCH+TON,0.45,3,70.6,6.59,1.77,3.7,328,59.3,7.11,1.79
rr28,BCH+BNB+XRP,0.45,3,70.5,7.66,1.71,3.67,333,42.1,7.1,1.58
rr40_sb20,1000PEPE+ADA+APT,0.45,2,70.5,7.15,1.66,3.08,326,59.6,7.36,1.57
rr28,DOGE+HBAR+XRP,0.5,3,70.4,7.07,1.59,3.34,338,45.9,7.21,1.48
perpair,ADA+DOGE+LTC,0.45,3,70.4,6.91,1.67,3.28,351,52.4,7.71,1.52
default,1000PEPE+ETH+HBAR,0.5,2,70.4,5.8,1.68,3.22,303,48.7,7.72,1.52
rr28,BNB+ETH+XRP,0.45,2,70.4,7.32,1.73,3.42,323,29.2,7.62,1.44
default,ADA+BCH+DOGE,0.45,3,70.2,7.18,1.71,3.38,332,58.0,6.44,1.67
thr06,BCH+DOGE+HBAR,0.45,2,70.0,7.07,1.62,3.42,370,54.5,5.76,1.50
rr28,APT+BCH+HBAR,0.45,3,70.0,7.09,1.76,3.87,325,68.1,7.2,1.72
perpair,1000PEPE+ADA+BNB,0.45,2,70.0,6.13,1.70,3.44,331,53.8,6.67,1.62
perpair,ADA+APT+LTC,0.45,2,69.9,5.04,1.81,3.71,309,61.9,7.32,1.67
rr28,1000PEPE+BCH+ETH,0.45,2,69.9,6.1,1.87,3.81,303,60.8,7.25,1.86
default,DOGE+ETH+HBAR,0.45,3,69.9,6.02,1.69,3.5,325,40.0,6.95,1.47
perpair,APT+LTC+VET,0.45,2,69.7,6.65,1.77,3.63,335,52.8,7.49,1.62
default,APT+HBAR+LTC,0.45,3,69.7,7.66,1.64,3.28,349,59.7,7.35,1.56
perpair,ADA+LTC+WLD,0.45,3,69.7,6.65,1.68,3.58,351,49.5,7.62,1.50
default,ADA+APT+BNB,0.45,3,69.6,6.86,1.63,3.08,353,62.8,7.38,1.65
default,ADA+BCH+DOGE,0.45,2,69.4,7.18,1.74,3.5,319,54.6,6.44,1.69
perpair,ADA+BNB+LTC,0.45,3,69.4,6.53,1.74,3.46,310,46.1,6.64,1.55
default,1000PEPE+BCH+DOGE,0.45,3,69.2,5.8,1.71,3.38,329,53.4,7.97,1.69
rr28,1000PEPE+APT+HBAR,0.5,2,69.2,6.84,1.65,3.49,320,72.8,7.67,1.67
rr28,1000PEPE+TON+VET,0.45,2,69.1,6.47,1.73,3.78,348,50.5,7.3,1.66
rr28,1000PEPE+ETH+HBAR,0.55,2,69.1,6.36,1.63,3.17,306,57.0,6.76,1.54
rr28,BNB+ETH+HBAR,0.45,3,69.1,6.77,1.70,3.51,334,35.8,5.44,1.44
rr28,ETH+HBAR+XRP,0.5,2,69.0,6.71,1.66,3.51,312,42.4,7.01,1.48
rr40_sb20,ADA+APT+DOGE,0.45,2,69.0,7.7,1.66,2.93,324,57.1,7.49,1.54
rr28,ADA+DOGE+WLD,0.45,2,69.0,6.15,1.74,3.81,334,45.0,7.91,1.54
rr28,BNB+DOGE+HBAR,0.45,3,68.9,7.52,1.63,3.39,353,39.1,6.61,1.46
rr28,BCH+BTC+TON,0.5,2,68.9,7.23,1.68,3.4,303,36.4,7.36,1.47
perpair,BCH+HBAR+VET,0.45,3,68.8,6.78,1.68,3.41,363,58.4,7.34,1.59
default,1000PEPE+ETH+HBAR,0.5,3,68.7,6.99,1.63,3.13,319,53.8,7.58,1.54
default,BCH+TON+VET,0.45,2,68.7,5.1,1.74,3.53,334,48.0,6.89,1.64
rr28,DOGE+HBAR+XRP,0.5,2,68.6,6.55,1.59,3.39,328,48.2,5.99,1.52
default,1000PEPE+APT+BCH,0.45,3,68.6,5.81,1.73,3.44,327,75.3,6.93,1.89
default,APT+BCH+VET,0.45,2,68.6,5.87,1.73,3.48,339,73.5,7.36,1.88
default,BCH+HBAR+LTC,0.45,2,68.4,7.62,1.71,3.52,320,53.9,5.33,1.58
perpair,1000PEPE+HBAR+WLD,0.45,3,68.4,7.72,1.60,3.25,376,49.1,7.81,1.47
perpair,1000PEPE+DOGE+HBAR,0.45,2,68.4,7.5,1.64,3.29,349,49.5,5.45,1.49
default,BCH+DOGE+VET,0.45,3,68.3,7.41,1.67,3.28,353,47.6,7.8,1.59
rr28,BCH+HBAR+SNX,0.45,3,68.3,5.43,1.75,3.68,317,69.5,7.66,1.67
rr28,BCH+ETH+HBAR,0.45,2,68.2,6.13,1.81,4.0,303,52.7,5.4,1.67
rr28,BCH+HBAR+SNX,0.45,2,68.2,5.43,1.77,3.71,311,70.4,7.07,1.69
rr28,1000PEPE+BCH+ETH,0.45,3,68.1,6.1,1.80,3.62,312,56.8,7.87,1.77
rr28,1000PEPE+ADA+APT,0.45,2,68.0,4.74,1.74,3.53,323,70.7,7.14,1.76
perpair,BCH+LTC+VET,0.45,2,68.0,5.51,1.75,3.58,337,56.1,6.23,1.65
rr28,1000PEPE+BCH+DOGE,0.45,3,67.9,5.97,1.73,3.53,331,60.7,7.97,1.79
rr28,1000PEPE+ETH+VET,0.45,2,67.9,6.54,1.76,3.59,337,48.7,7.32,1.65
rr28,ADA+BCH+BNB,0.45,2,67.9,7.6,1.73,3.72,327,48.9,7.95,1.61
default,APT+HBAR+LTC,0.45,2,67.9,6.79,1.66,3.39,332,61.5,6.38,1.60
rr28,ADA+ETH+XRP,0.45,2,67.8,6.96,1.76,3.48,309,39.2,7.85,1.52
rr28,1000PEPE+TON+XRP,0.45,2,67.8,5.92,1.73,3.64,325,45.1,7.92,1.64
default,BCH+DOGE+HBAR,0.5,3,67.7,6.62,1.61,3.29,322,57.2,6.07,1.58
rr28,BCH+ETH+HBAR,0.45,3,67.7,6.13,1.79,3.97,307,52.0,5.4,1.63
default,APT+BCH+VET,0.45,3,67.7,5.87,1.69,3.38,351,68.7,7.54,1.79
default,ADA+APT+BNB,0.45,2,67.7,5.78,1.67,3.21,330,63.7,6.44,1.69
rr28,BCH+DOGE+HBAR,0.45,3,67.5,5.97,1.71,3.78,326,55.8,4.95,1.65
rr28,BCH+BNB+XRP,0.45,2,67.5,7.66,1.72,3.65,325,43.0,7.1,1.61
default,ADA+BNB+DOGE,0.45,2,67.5,7.08,1.63,3.08,336,38.6,7.98,1.45
default,BCH+BNB+VET,0.5,2,67.4,6.79,1.62,3.03,342,46.6,7.75,1.53
rr28,1000PEPE+ADA+APT,0.45,3,67.4,5.25,1.68,3.28,349,70.8,7.63,1.73
perpair,ADA+ENS+LTC,0.45,2,67.3,6.92,1.71,3.43,309,51.4,7.64,1.61
rr40_sb20,BCH+HBAR+SNX,0.45,3,67.1,7.52,1.64,2.94,316,81.5,7.62,1.65
rr28,DOGE+ETH+HBAR,0.45,2,67.1,5.39,1.74,3.78,313,39.9,5.78,1.51
default,APT+BNB+VET,0.45,2,67.0,5.8,1.63,3.19,355,48.0,7.47,1.58
rr28,APT+BCH+BTC,0.45,2,67.0,6.82,1.73,3.79,307,48.6,6.82,1.64
default,BCH+HBAR+LTC,0.45,3,67.0,7.84,1.68,3.38,329,50.2,5.8,1.53
rr28,1000PEPE+HBAR+TON,0.5,2,66.9,6.93,1.63,3.44,324,57.8,6.76,1.58
default,BCH+HBAR+SNX,0.45,3,66.9,6.2,1.72,3.4,313,63.2,7.7,1.61
thr06,BNB+DOGE+VET,0.45,2,66.8,6.83,1.57,2.89,395,40.0,7.61,1.40
default,APT+BCH+BTC,0.5,2,66.8,7.37,1.63,3.32,304,61.4,7.86,1.70
perpair,BNB+HBAR+SNX,0.45,2,66.7,6.38,1.65,3.39,326,49.0,7.68,1.47
thr06,1000PEPE+ADA+DOGE,0.45,2,66.6,7.67,1.60,3.03,361,60.2,7.21,1.57
rr28,ADA+ETH+HBAR,0.5,2,66.6,6.96,1.66,3.27,311,52.0,7.65,1.52
rr28,ADA+DOGE+XRP,0.45,2,66.5,7.37,1.68,3.36,323,43.8,7.23,1.55
default,BCH+HBAR+SNX,0.45,2,66.4,5.65,1.74,3.42,307,63.4,7.7,1.64
perpair,ADA+LTC+WLD,0.45,2,66.3,6.79,1.69,3.58,332,50.9,7.15,1.54
perpair,BNB+LTC+VET,0.45,2,66.3,6.53,1.71,3.43,322,37.1,7.23,1.49
perpair,1000PEPE+ADA+LTC,0.45,3,66.2,7.55,1.67,3.28,341,58.5,5.22,1.60
perpair,ADA+BNB+LTC,0.45,2,66.1,6.53,1.73,3.45,299,44.6,6.37,1.55
perpair,APT+HBAR+LTC,0.45,2,65.9,5.99,1.75,3.7,307,60.0,6.69,1.64
default,BCH+DOGE+VET,0.45,2,65.6,7.41,1.69,3.33,340,38.6,6.52,1.51
perpair,1000PEPE+ADA+LTC,0.45,2,65.5,6.05,1.71,3.53,317,58.1,6.75,1.62
rr28,BCH+BTC+TON,0.45,3,65.2,7.11,1.68,3.46,319,33.7,7.26,1.48
default,BCH+VET+WLD,0.45,2,65.1,7.5,1.69,3.35,345,42.2,6.54,1.54
thr06,BNB+HBAR+SNX,0.45,2,65.0,7.25,1.52,2.99,385,47.5,7.67,1.39
default,HBAR+LTC+XRP,0.45,2,65.0,7.4,1.61,3.33,331,37.7,6.51,1.43
rr28,1000PEPE+BCH+TON,0.45,2,64.8,6.01,1.74,3.66,319,58.6,7.16,1.80
rr28,ADA+ETH+HBAR,0.45,3,64.8,6.23,1.69,3.44,326,49.8,6.91,1.53
default,1000PEPE+ADA+APT,0.45,2,64.7,4.74,1.67,3.31,321,76.9,6.81,1.80
rr28,1000PEPE+ADA+DOGE,0.45,3,64.6,6.9,1.64,3.15,350,58.4,7.94,1.66
default,BCH+BNB+VET,0.45,3,64.5,6.13,1.63,3.16,354,43.2,7.79,1.54
rr28,1000PEPE+BNB+TON,0.45,2,64.4,6.37,1.65,3.36,342,42.8,6.77,1.58
default,1000PEPE+ADA+DOGE,0.45,3,64.2,6.82,1.60,2.88,348,54.7,7.78,1.60
perpair,DOGE+HBAR+WLD,0.45,2,64.0,6.83,1.58,3.22,360,44.5,7.25,1.44
default,1000PEPE+ADA+APT,0.45,3,63.9,5.25,1.62,3.06,346,76.8,7.57,1.77
rr28,1000PEPE+ADA+ETH,0.45,2,63.7,5.99,1.75,3.45,308,55.3,7.13,1.69
rr28,1000PEPE+ETH+HBAR,0.5,3,63.4,5.8,1.61,3.2,322,55.1,7.0,1.56
rr28,1000PEPE+DOGE+HBAR,0.5,2,63.0,7.91,1.59,3.19,320,57.3,6.97,1.58
default,DOGE+ETH+HBAR,0.45,2,63.0,6.02,1.67,3.33,308,36.8,7.46,1.45
rr28,ADA+DOGE+HBAR,0.45,2,62.8,5.09,1.66,3.38,323,50.7,7.51,1.55
rr28,HBAR+LTC+XRP,0.45,2,62.7,7.29,1.62,3.54,336,41.8,7.65,1.49
default,APT+DOGE+HBAR,0.45,3,62.5,7.16,1.58,3.13,342,59.9,7.37,1.62
perpair,BCH+HBAR+LTC,0.45,3,62.5,7.3,1.69,3.36,318,58.0,5.55,1.59
default,BCH+DOGE+HBAR,0.45,2,62.2,5.97,1.66,3.43,314,50.1,5.0,1.60
perpair,BCH+HBAR+VET,0.45,2,62.2,6.78,1.64,3.23,352,54.6,6.77,1.58
perpair,HBAR+LTC+XRP,0.45,2,62.2,6.53,1.64,3.25,305,50.0,7.52,1.57
rr28,ETH+HBAR+XRP,0.45,3,61.9,6.16,1.66,3.5,319,37.3,6.76,1.47
default,1000PEPE+ADA+DOGE,0.45,2,61.9,6.4,1.65,3.08,317,53.6,7.93,1.61
perpair,1000PEPE+HBAR+WLD,0.45,2,61.8,7.63,1.59,3.2,353,42.8,7.81,1.43
rr28,ETH+HBAR+VET,0.45,2,61.8,5.7,1.67,3.55,335,39.1,7.55,1.47
rr28,DOGE+HBAR+XRP,0.45,3,61.8,6.37,1.60,3.34,338,40.6,6.5,1.49
default,1000PEPE+ETH+HBAR,0.45,2,61.7,5.23,1.69,3.22,303,43.0,6.96,1.52
rr28,1000PEPE+ADA+DOGE,0.45,2,61.7,5.98,1.68,3.34,320,57.7,7.48,1.69
rr28,1000PEPE+ETH+HBAR,0.5,2,61.4,5.8,1.63,3.17,306,50.8,6.15,1.55
default,APT+BCH+HBAR,0.45,2,61.3,7.58,1.68,3.21,312,70.4,6.77,1.77
default,1000PEPE+BCH+BNB,0.45,2,61.2,7.94,1.66,3.2,317,43.3,7.99,1.59
rr28,BNB+ETH+HBAR,0.45,2,61.0,7.24,1.64,3.29,325,33.7,5.65,1.43
perpair,DOGE+HBAR+LTC,0.45,2,60.9,7.33,1.63,3.21,321,46.1,7.55,1.48
perpair,DOGE+HBAR+LTC,0.45,3,60.9,6.77,1.58,3.11,342,46.4,7.52,1.46
rr28,BCH+BTC+ETH,0.45,2,60.8,6.6,1.71,3.35,294,31.5,7.86,1.48
rr28,1000PEPE+APT+HBAR,0.45,2,60.7,6.17,1.66,3.49,320,63.7,6.92,1.68
rr28,ETH+HBAR+XRP,0.45,2,60.6,6.05,1.67,3.51,312,37.6,6.32,1.49
rr28,BCH+BTC+TON,0.45,2,60.5,6.52,1.69,3.4,303,32.3,6.65,1.47
rr28,BCH+BNB+BTC,0.45,2,60.4,7.45,1.63,3.44,317,28.8,7.79,1.41
default,1000PEPE+ETH+HBAR,0.45,3,60.4,6.3,1.63,3.13,319,47.5,6.82,1.54
rr28,DOGE+HBAR+XRP,0.45,2,60.2,5.91,1.60,3.39,328,42.7,5.4,1.53
rr28,BCH+BTC+VET,0.5,2,60.2,6.52,1.56,3.1,328,44.0,7.91,1.53
rr40_sb20,APT+BCH+BTC,0.45,2,60.0,7.3,1.57,2.88,311,65.1,7.14,1.72
rr28,1000PEPE+BCH+HBAR,0.5,2,59.9,7.71,1.60,3.24,310,70.5,7.61,1.70
perpair,HBAR+LTC+WLD,0.45,3,59.8,7.64,1.59,3.05,342,43.5,7.41,1.44
perpair,BCH+HBAR+LTC,0.45,2,59.7,7.3,1.68,3.34,309,61.4,4.84,1.66
rr28,BNB+DOGE+HBAR,0.45,2,59.7,7.52,1.58,3.19,344,39.1,6.61,1.47
default,BCH+DOGE+HBAR,0.45,3,59.5,5.97,1.61,3.29,322,50.4,5.47,1.58
default,BCH+BNB+VET,0.45,2,59.2,6.13,1.61,3.03,342,41.2,7.0,1.53
default,1000PEPE+BCH+HBAR,0.5,2,59.2,7.71,1.57,3.04,307,64.0,7.09,1.65
perpair,ENS+HBAR+LTC,0.45,3,59.1,7.29,1.58,3.07,317,45.0,6.83,1.50
rr28,1000PEPE+ADA+TON,0.45,2,58.9,6.41,1.64,3.37,329,56.3,7.91,1.67
rr28,1000PEPE+HBAR+TON,0.45,2,58.8,6.24,1.64,3.44,324,51.0,6.1,1.59
default,APT+BCH+BTC,0.45,2,58.6,6.66,1.63,3.32,304,54.1,7.09,1.70
rr28,ADA+ETH+HBAR,0.45,2,58.5,6.28,1.67,3.27,311,45.9,6.91,1.53
rr28,1000PEPE+BCH+HBAR,0.5,3,58.0,7.71,1.56,3.11,319,72.3,7.79,1.70
rr28,1000PEPE+HBAR+TON,0.45,3,57.9,7.24,1.59,3.27,338,50.9,6.79,1.58
default,1000PEPE+BCH+HBAR,0.5,3,57.8,7.78,1.55,2.93,316,66.3,6.74,1.65
rr28,BCH+BTC+WLD,0.45,2,57.7,6.96,1.62,3.58,316,28.4,7.31,1.39
rr28,1000PEPE+ETH+HBAR,0.45,3,55.7,5.23,1.61,3.2,322,48.6,6.3,1.57
rr28,1000PEPE+DOGE+HBAR,0.45,3,55.5,7.61,1.55,3.06,341,52.2,6.29,1.58
rr28,1000PEPE+DOGE+HBAR,0.45,2,55.5,7.15,1.60,3.19,320,50.5,6.29,1.59
perpair,ENS+HBAR+LTC,0.45,2,55.3,7.79,1.58,3.03,304,47.0,6.36,1.54
perpair,HBAR+LTC+WLD,0.45,2,54.7,7.64,1.57,3.0,328,45.5,7.41,1.48
default,1000PEPE+BCH+VET,0.45,2,54.4,7.57,1.60,3.0,330,55.7,7.85,1.71
rr28,1000PEPE+ETH+HBAR,0.45,2,54.0,5.23,1.64,3.17,306,44.9,5.55,1.55
rr28,ADA+BTC+ETH,0.45,2,53.8,7.21,1.61,2.98,301,29.1,7.45,1.39
perpair,1000PEPE+ADA+HBAR,0.45,2,53.3,5.6,1.56,2.98,332,56.4,7.96,1.55
rr28,BCH+BTC+VET,0.45,2,53.0,5.89,1.56,3.1,328,39.0,7.12,1.53
rr40_sb20,1000PEPE+BCH+HBAR,0.45,2,53.0,7.71,1.51,2.56,312,58.3,7.41,1.61
rr28,1000PEPE+BCH+HBAR,0.45,2,52.7,6.97,1.60,3.24,310,61.8,6.87,1.71
default,1000PEPE+BCH+HBAR,0.45,2,52.1,6.97,1.58,3.04,307,56.3,6.4,1.65
rr28,1000PEPE+BCH+HBAR,0.45,3,51.1,6.97,1.57,3.11,319,63.4,7.01,1.71
default,1000PEPE+BCH+HBAR,0.45,3,50.9,7.03,1.55,2.94,316,58.3,6.08,1.66
perpair,ADA+HBAR+LTC,0.45,2,50.5,5.02,1.58,3.04,305,57.0,7.46,1.59
rr28,BTC+ETH+HBAR,0.45,2,49.3,5.16,1.55,2.92,300,23.9,7.99,1.31
